player,shots_on_target_against,goals_against_gk,saves,save_pct,psxg_gk,passes_completed_launched_gk,passes_gk,passes_throws_gk,pct_passes_launched_gk,def_actions_outside_pen_area_gk,Team,matchweek
Yann Sommer,9.0,1.0,8.0,88.9,2.1,10.0,30.0,4.0,66.7,1.0,Mönchengladbach,1.0
Manuel Neuer,4.0,1.0,3.0,75.0,0.4,6.0,44.0,9.0,18.2,2.0,Bayern Munich,1.0
Florian Müller,3.0,1.0,2.0,66.7,0.8,5.0,23.0,5.0,34.8,0.0,Stuttgart,1.0
Sascha Burchert,15.0,5.0,10.0,66.7,4.5,7.0,26.0,5.0,46.2,1.0,Greuther Fürth,1.0
Andreas Luthe,3.0,1.0,2.0,66.7,0.5,2.0,23.0,4.0,39.1,1.0,Union Berlin,1.0
Lukáš Hrádecký,5.0,1.0,4.0,80.0,0.8,8.0,33.0,3.0,39.4,1.0,Bayer Leverkusen,1.0
Koen Casteels,1.0,0.0,1.0,100.0,0.1,3.0,17.0,5.0,29.4,1.0,Wolfsburg,1.0
Manuel Riemann,7.0,1.0,6.0,85.7,3.5,21.0,53.0,6.0,64.2,5.0,Bochum,1.0
Stefan Ortega,6.0,0.0,6.0,100.0,1.2,21.0,61.0,2.0,59.0,1.0,Arminia,1.0
Mark Flekken,3.0,0.0,3.0,100.0,0.9,8.0,22.0,3.0,54.5,0.0,Freiburg,1.0
Rafał Gikiewicz,8.0,4.0,4.0,50.0,3.6,11.0,31.0,4.0,35.5,2.0,Augsburg,1.0
Oliver Baumann,0.0,0.0,0.0,0.0,0.0,6.0,39.0,9.0,25.6,1.0,Hoffenheim,1.0
Gregor Kobel,3.0,2.0,2.0,33.3,1.8,11.0,49.0,2.0,30.6,2.0,Dortmund,1.0
Kevin Trapp,7.0,5.0,2.0,28.6,3.5,11.0,35.0,5.0,48.6,2.0,Eintracht Frankfurt,1.0
Robin Zentner,2.0,0.0,2.0,100.0,0.6,5.0,23.0,7.0,60.9,2.0,Mainz 05,1.0
Péter Gulácsi,2.0,1.0,1.0,50.0,1.4,3.0,11.0,2.0,27.3,1.0,RB Leipzig,1.0
Timo Horn,5.0,1.0,4.0,80.0,1.7,10.0,27.0,1.0,25.9,0.0,Köln,1.0
Alexander Schwolow,5.0,3.0,2.0,40.0,2.4,8.0,18.0,3.0,50.0,0.0,Hertha BSC,1.0
Péter Gulácsi,5.0,0.0,5.0,100.0,1.0,4.0,34.0,8.0,47.1,0.0,RB Leipzig,2.0
Florian Müller,11.0,4.0,8.0,72.7,3.6,6.0,20.0,6.0,40.0,0.0,Stuttgart,2.0
Alexander Schwolow,3.0,2.0,1.0,33.3,1.1,2.0,22.0,3.0,45.5,1.0,Hertha BSC,2.0
Koen Casteels,4.0,1.0,4.0,100.0,1.2,4.0,33.0,1.0,24.2,2.0,Wolfsburg,2.0
Manuel Riemann,3.0,0.0,3.0,100.0,0.8,19.0,34.0,1.0,79.4,1.0,Bochum,2.0
Robin Zentner,4.0,2.0,2.0,50.0,1.6,1.0,24.0,7.0,16.7,2.0,Mainz 05,2.0
Sascha Burchert,2.0,1.0,0.0,50.0,0.6,7.0,30.0,6.0,33.3,1.0,Greuther Fürth,2.0
Stefan Ortega,4.0,1.0,4.0,100.0,1.4,21.0,42.0,1.0,78.6,0.0,Arminia,2.0
Mark Flekken,3.0,1.0,3.0,66.7,0.5,5.0,20.0,2.0,45.0,0.0,Freiburg,2.0
Gregor Kobel,4.0,2.0,2.0,50.0,1.2,1.0,35.0,6.0,8.6,3.0,Dortmund,2.0
Kevin Trapp,0.0,0.0,0.0,0.0,0.0,9.0,35.0,5.0,45.7,3.0,Eintracht Frankfurt,2.0
Rafał Gikiewicz,5.0,0.0,5.0,100.0,0.6,7.0,30.0,2.0,50.0,1.0,Augsburg,2.0
Lukáš Hrádecký,5.0,0.0,5.0,100.0,1.3,6.0,34.0,5.0,32.4,1.0,Bayer Leverkusen,2.0
Yann Sommer,5.0,4.0,2.0,20.0,2.9,4.0,19.0,2.0,26.3,0.0,Mönchengladbach,2.0
Oliver Baumann,8.0,2.0,6.0,75.0,3.3,3.0,34.0,5.0,23.5,2.0,Hoffenheim,2.0
Andreas Luthe,3.0,2.0,1.0,33.3,1.2,14.0,32.0,6.0,65.6,0.0,Union Berlin,2.0
Manuel Neuer,3.0,2.0,1.0,33.3,1.4,15.0,54.0,8.0,42.6,0.0,Bayern Munich,2.0
Timo Horn,6.0,3.0,3.0,50.0,2.4,4.0,28.0,3.0,35.7,2.0,Köln,2.0
Gregor Kobel,5.0,2.0,3.0,60.0,2.5,0.0,18.0,5.0,22.2,1.0,Dortmund,3.0
Oliver Baumann,13.0,3.0,10.0,76.9,3.8,5.0,33.0,7.0,45.5,1.0,Hoffenheim,3.0
Robin Zentner,1.0,0.0,1.0,100.0,0.1,4.0,18.0,1.0,38.9,2.0,Mainz 05,3.0
Sascha Burchert,9.0,3.0,6.0,66.7,3.3,9.0,40.0,3.0,60.0,1.0,Greuther Fürth,3.0
Florian Müller,7.0,3.0,4.0,57.1,1.7,4.0,26.0,3.0,26.9,1.0,Stuttgart,3.0
Mark Flekken,7.0,2.0,5.0,71.4,2.9,13.0,31.0,4.0,61.3,0.0,Freiburg,3.0
Stefan Ortega,3.0,1.0,2.0,66.7,1.7,16.0,42.0,5.0,59.5,3.0,Arminia,3.0
Kevin Trapp,4.0,1.0,3.0,75.0,1.0,6.0,42.0,4.0,45.2,1.0,Eintracht Frankfurt,3.0
Rafał Gikiewicz,5.0,4.0,2.0,20.0,1.4,6.0,17.0,5.0,35.3,1.0,Augsburg,3.0
Lukáš Hrádecký,4.0,1.0,3.0,75.0,1.6,11.0,44.0,9.0,29.5,2.0,Bayer Leverkusen,3.0
Timo Horn,1.0,1.0,0.0,0.0,0.8,3.0,15.0,2.0,26.7,2.0,Köln,3.0
Manuel Riemann,5.0,2.0,3.0,60.0,1.8,18.0,27.0,1.0,81.5,1.0,Bochum,3.0
Manuel Neuer,3.0,0.0,3.0,100.0,0.1,5.0,35.0,5.0,20.0,1.0,Bayern Munich,3.0
Alexander Schwolow,7.0,5.0,1.0,28.6,4.0,5.0,24.0,6.0,29.2,0.0,Hertha BSC,3.0
Andreas Luthe,5.0,1.0,4.0,80.0,1.4,13.0,25.0,1.0,88.0,2.0,Union Berlin,3.0
Yann Sommer,3.0,2.0,1.0,33.3,1.9,4.0,40.0,3.0,30.0,1.0,Mönchengladbach,3.0
Koen Casteels,2.0,0.0,2.0,100.0,0.7,10.0,34.0,4.0,32.4,0.0,Wolfsburg,3.0
Péter Gulácsi,2.0,1.0,1.0,50.0,0.9,5.0,25.0,3.0,40.0,1.0,RB Leipzig,3.0
Mark Flekken,5.0,1.0,4.0,80.0,1.4,9.0,49.0,12.0,28.6,4.0,Freiburg,4.0
Timo Horn,3.0,1.0,3.0,66.7,1.7,11.0,35.0,2.0,48.6,1.0,Köln,4.0
Oliver Baumann,5.0,2.0,3.0,60.0,2.8,8.0,42.0,10.0,31.0,6.0,Hoffenheim,4.0
Robin Zentner,0.0,0.0,0.0,0.0,0.0,9.0,25.0,7.0,72.0,1.0,Mainz 05,4.0
Andreas Luthe,6.0,0.0,6.0,100.0,1.1,2.0,13.0,5.0,0.0,0.0,Union Berlin,4.0
Rafał Gikiewicz,5.0,0.0,4.0,100.0,1.6,7.0,28.0,3.0,53.6,1.0,Augsburg,4.0
Lukáš Hrádecký,5.0,4.0,2.0,40.0,2.0,8.0,35.0,11.0,42.9,1.0,Bayer Leverkusen,4.0
Gregor Kobel,5.0,3.0,2.0,40.0,2.4,3.0,21.0,4.0,23.8,0.0,Dortmund,4.0
Sascha Burchert,2.0,2.0,1.0,50.0,1.8,8.0,19.0,3.0,73.7,1.0,Greuther Fürth,4.0
Koen Casteels,4.0,0.0,4.0,100.0,0.6,11.0,40.0,5.0,35.0,1.0,Wolfsburg,4.0
Péter Gulácsi,5.0,4.0,2.0,40.0,4.1,6.0,27.0,3.0,40.7,2.0,RB Leipzig,4.0
Manuel Neuer,4.0,1.0,3.0,75.0,0.9,11.0,43.0,10.0,48.8,2.0,Bayern Munich,4.0
Kevin Trapp,3.0,1.0,2.0,66.7,1.1,3.0,18.0,1.0,27.8,0.0,Eintracht Frankfurt,4.0
Florian Müller,4.0,1.0,3.0,75.0,0.5,7.0,27.0,6.0,44.4,3.0,Stuttgart,4.0
Manuel Riemann,4.0,3.0,1.0,25.0,1.9,12.0,42.0,2.0,59.5,2.0,Bochum,4.0
Alexander Schwolow,5.0,1.0,4.0,80.0,1.8,13.0,27.0,4.0,66.7,1.0,Hertha BSC,4.0
Yann Sommer,7.0,1.0,6.0,85.7,1.6,8.0,51.0,9.0,35.3,0.0,Mönchengladbach,4.0
Stefan Ortega,4.0,3.0,1.0,25.0,2.0,11.0,30.0,2.0,40.0,0.0,Arminia,4.0
Alexander Schwolow,2.0,1.0,2.0,100.0,1.3,5.0,23.0,7.0,26.1,0.0,Hertha BSC,5.0
Sascha Burchert,3.0,2.0,2.0,33.3,0.7,14.0,26.0,0.0,76.9,0.0,Greuther Fürth,5.0
Rafał Gikiewicz,0.0,0.0,0.0,0.0,0.0,7.0,26.0,6.0,65.4,0.0,Augsburg,5.0
Yann Sommer,1.0,1.0,0.0,0.0,0.7,6.0,31.0,3.0,25.8,4.0,Mönchengladbach,5.0
Stefan Ortega,3.0,0.0,3.0,100.0,0.7,18.0,59.0,4.0,37.3,1.0,Arminia,5.0
Oliver Baumann,2.0,0.0,2.0,100.0,0.8,9.0,36.0,4.0,30.6,0.0,Hoffenheim,5.0
Manuel Neuer,2.0,0.0,2.0,100.0,0.3,4.0,40.0,6.0,10.0,1.0,Bayern Munich,5.0
Manuel Riemann,14.0,7.0,8.0,50.0,4.9,14.0,33.0,2.0,66.7,0.0,Bochum,5.0
Robin Zentner,1.0,0.0,1.0,100.0,0.6,1.0,22.0,3.0,22.7,0.0,Mainz 05,5.0
Mark Flekken,3.0,0.0,3.0,100.0,0.9,11.0,41.0,6.0,61.0,1.0,Freiburg,5.0
Timo Horn,9.0,1.0,8.0,88.9,2.7,10.0,40.0,7.0,30.0,0.0,Köln,5.0
Péter Gulácsi,6.0,1.0,5.0,83.3,2.2,6.0,29.0,2.0,51.7,4.0,RB Leipzig,5.0
Florian Müller,4.0,3.0,1.0,25.0,2.2,4.0,17.0,1.0,35.3,1.0,Stuttgart,5.0
Lukáš Hrádecký,6.0,1.0,5.0,83.3,1.5,5.0,25.0,5.0,64.0,1.0,Bayer Leverkusen,5.0
Gregor Kobel,4.0,2.0,3.0,75.0,1.2,6.0,38.0,3.0,31.6,1.0,Dortmund,5.0
Andreas Luthe,5.0,4.0,2.0,20.0,2.1,2.0,22.0,3.0,40.9,1.0,Union Berlin,5.0
Koen Casteels,2.0,1.0,1.0,50.0,1.3,12.0,50.0,2.0,40.0,1.0,Wolfsburg,5.0
Kevin Trapp,6.0,1.0,5.0,83.3,1.8,6.0,20.0,4.0,50.0,1.0,Eintracht Frankfurt,5.0
Sascha Burchert,4.0,3.0,2.0,25.0,1.4,6.0,28.0,6.0,50.0,3.0,Greuther Fürth,6.0
Manuel Neuer,5.0,1.0,4.0,80.0,1.2,3.0,46.0,14.0,13.0,3.0,Bayern Munich,6.0
Kevin Trapp,2.0,1.0,1.0,50.0,0.9,7.0,21.0,3.0,71.4,0.0,Eintracht Frankfurt,6.0
Timo Horn,3.0,1.0,2.0,66.7,0.8,5.0,29.0,2.0,20.7,1.0,Köln,6.0
Oliver Baumann,3.0,1.0,2.0,66.7,0.6,2.0,45.0,7.0,26.7,0.0,Hoffenheim,6.0
Koen Casteels,3.0,3.0,0.0,0.0,2.0,5.0,40.0,1.0,15.0,1.0,Wolfsburg,6.0
Lukáš Hrádecký,5.0,0.0,5.0,100.0,1.3,7.0,29.0,2.0,37.9,1.0,Bayer Leverkusen,6.0
Robin Zentner,9.0,1.0,8.0,88.9,2.1,6.0,22.0,5.0,45.5,2.0,Mainz 05,6.0
Andreas Luthe,2.0,0.0,2.0,100.0,0.2,2.0,35.0,12.0,17.1,1.0,Union Berlin,6.0
Stefan Ortega,4.0,1.0,3.0,75.0,0.9,12.0,50.0,4.0,54.0,3.0,Arminia,6.0
Péter Gulácsi,2.0,0.0,2.0,100.0,0.1,7.0,36.0,2.0,30.6,1.0,RB Leipzig,6.0
Alexander Schwolow,8.0,6.0,3.0,37.5,4.9,7.0,29.0,8.0,24.1,2.0,Hertha BSC,6.0
Yann Sommer,0.0,0.0,0.0,0.0,0.0,7.0,40.0,6.0,20.0,0.0,Mönchengladbach,6.0
Gregor Kobel,3.0,1.0,2.0,66.7,1.0,4.0,28.0,3.0,35.7,0.0,Dortmund,6.0
Manuel Riemann,3.0,0.0,3.0,100.0,0.5,14.0,52.0,2.0,53.8,3.0,Bochum,6.0
Florian Müller,4.0,0.0,4.0,100.0,0.3,3.0,30.0,5.0,26.7,0.0,Stuttgart,6.0
Mark Flekken,2.0,0.0,2.0,100.0,0.3,13.0,35.0,1.0,51.4,1.0,Freiburg,6.0
Rafał Gikiewicz,6.0,3.0,4.0,66.7,2.9,6.0,30.0,6.0,33.3,0.0,Augsburg,6.0
Timo Horn,3.0,1.0,2.0,66.7,0.8,8.0,39.0,3.0,28.2,2.0,Köln,7.0
Marius Funk,8.0,3.0,5.0,62.5,3.5,14.0,26.0,2.0,84.6,3.0,Greuther Fürth,7.0
Florian Müller,4.0,1.0,3.0,75.0,0.8,3.0,23.0,4.0,30.4,1.0,Stuttgart,7.0
Oliver Baumann,6.0,3.0,3.0,50.0,2.1,5.0,43.0,5.0,39.5,0.0,Hoffenheim,7.0
Gregor Kobel,4.0,1.0,3.0,75.0,0.6,2.0,21.0,3.0,23.8,1.0,Dortmund,7.0
Rafał Gikiewicz,3.0,2.0,2.0,66.7,1.7,5.0,15.0,3.0,53.3,1.0,Augsburg,7.0
Alexander Schwolow,6.0,2.0,4.0,66.7,2.3,3.0,26.0,11.0,19.2,0.0,Hertha BSC,7.0
Mark Flekken,3.0,1.0,2.0,66.7,0.8,5.0,28.0,2.0,53.6,0.0,Freiburg,7.0
Koen Casteels,8.0,3.0,5.0,62.5,2.3,5.0,41.0,5.0,19.5,2.0,Wolfsburg,7.0
Yann Sommer,5.0,1.0,4.0,80.0,1.7,7.0,36.0,8.0,38.9,1.0,Mönchengladbach,7.0
Péter Gulácsi,2.0,0.0,2.0,100.0,0.2,10.0,43.0,8.0,48.8,1.0,RB Leipzig,7.0
Manuel Riemann,8.0,3.0,5.0,62.5,2.4,13.0,45.0,1.0,91.1,5.0,Bochum,7.0
Robin Zentner,2.0,2.0,0.0,0.0,1.1,7.0,25.0,5.0,32.0,1.0,Mainz 05,7.0
Andreas Luthe,4.0,1.0,3.0,75.0,0.8,6.0,33.0,7.0,45.5,0.0,Union Berlin,7.0
Manuel Neuer,3.0,2.0,1.0,33.3,0.6,6.0,38.0,7.0,21.1,9.0,Bayern Munich,7.0
Kevin Trapp,10.0,1.0,9.0,90.0,1.4,10.0,31.0,5.0,80.6,1.0,Eintracht Frankfurt,7.0
Stefan Ortega,6.0,4.0,3.0,50.0,2.5,10.0,33.0,4.0,27.3,0.0,Arminia,7.0
Lukáš Hrádecký,3.0,0.0,3.0,100.0,0.7,1.0,27.0,5.0,11.1,1.0,Bayer Leverkusen,7.0
Oliver Baumann,0.0,0.0,0.0,0.0,0.0,6.0,33.0,2.0,51.5,0.0,Hoffenheim,8.0
Timo Horn,8.0,5.0,3.0,37.5,3.3,5.0,31.0,3.0,41.9,0.0,Köln,8.0
Kevin Trapp,6.0,2.0,4.0,66.7,2.6,4.0,26.0,4.0,30.8,3.0,Eintracht Frankfurt,8.0
Alexander Schwolow,4.0,1.0,4.0,100.0,2.5,9.0,36.0,3.0,52.8,0.0,Hertha BSC,8.0
Andreas Luthe,4.0,0.0,4.0,100.0,1.2,11.0,45.0,5.0,60.0,1.0,Union Berlin,8.0
Koen Casteels,3.0,2.0,1.0,33.3,1.6,7.0,30.0,4.0,40.0,0.0,Wolfsburg,8.0
Mark Flekken,2.0,1.0,2.0,100.0,1.0,6.0,37.0,6.0,29.7,2.0,Freiburg,8.0
Péter Gulácsi,3.0,1.0,2.0,66.7,1.2,12.0,21.0,3.0,52.4,3.0,RB Leipzig,8.0
Marius Funk,2.0,1.0,1.0,50.0,1.1,9.0,46.0,4.0,54.3,1.0,Greuther Fürth,8.0
Manuel Riemann,3.0,0.0,3.0,100.0,0.4,20.0,39.0,5.0,82.1,1.0,Bochum,8.0
Gregor Kobel,2.0,1.0,1.0,50.0,0.7,5.0,38.0,1.0,26.3,1.0,Dortmund,8.0
Robin Zentner,3.0,3.0,1.0,33.3,1.6,3.0,23.0,4.0,52.2,2.0,Mainz 05,8.0
Yann Sommer,2.0,1.0,1.0,50.0,0.7,4.0,39.0,3.0,23.1,1.0,Mönchengladbach,8.0
Fabian Bredlow,8.0,1.0,7.0,87.5,1.8,6.0,17.0,5.0,47.1,0.0,Stuttgart,8.0
Lukáš Hrádecký,11.0,5.0,6.0,54.5,3.1,5.0,41.0,11.0,22.0,1.0,Bayer Leverkusen,8.0
Manuel Neuer,4.0,1.0,3.0,75.0,1.3,4.0,27.0,4.0,14.8,2.0,Bayern Munich,8.0
Rafał Gikiewicz,2.0,1.0,1.0,50.0,0.5,10.0,32.0,4.0,53.1,1.0,Augsburg,8.0
Stefan Ortega,6.0,1.0,5.0,83.3,1.8,14.0,41.0,2.0,65.9,0.0,Arminia,8.0
Robin Zentner,2.0,1.0,1.0,50.0,0.8,1.0,27.0,4.0,33.3,1.0,Mainz 05,9.0
Rafał Gikiewicz,9.0,4.0,5.0,55.6,3.7,5.0,32.0,5.0,43.8,2.0,Augsburg,9.0
Manuel Neuer,1.0,0.0,1.0,100.0,0.2,5.0,52.0,2.0,25.0,3.0,Bayern Munich,9.0
Oliver Baumann,7.0,4.0,3.0,42.9,2.3,5.0,31.0,1.0,32.3,1.0,Hoffenheim,9.0
Koen Casteels,4.0,2.0,2.0,50.0,1.7,4.0,26.0,5.0,34.6,0.0,Wolfsburg,9.0
Mark Flekken,4.0,0.0,4.0,100.0,0.5,11.0,44.0,3.0,63.6,0.0,Freiburg,9.0
Péter Gulácsi,3.0,1.0,3.0,100.0,1.2,4.0,26.0,10.0,23.1,1.0,RB Leipzig,9.0
Marius Funk,4.0,4.0,1.0,25.0,3.7,5.0,32.0,4.0,40.6,4.0,Greuther Fürth,9.0
Stefan Ortega,6.0,3.0,4.0,66.7,2.1,8.0,41.0,4.0,51.2,0.0,Arminia,9.0
Gregor Kobel,2.0,0.0,2.0,100.0,0.8,2.0,23.0,2.0,21.7,0.0,Dortmund,9.0
Marwin Hitz,4.0,1.0,4.0,100.0,1.3,2.0,20.0,5.0,15.0,0.0,Dortmund,9.0
Alexander Schwolow,1.0,0.0,1.0,100.0,0.0,8.0,31.0,4.0,48.4,0.0,Hertha BSC,9.0
Yann Sommer,4.0,1.0,3.0,75.0,0.8,5.0,19.0,5.0,21.1,3.0,Mönchengladbach,9.0
Timo Horn,5.0,2.0,3.0,60.0,0.8,8.0,34.0,8.0,29.4,0.0,Köln,9.0
Lukáš Hrádecký,5.0,2.0,3.0,60.0,1.2,8.0,28.0,4.0,75.0,1.0,Bayer Leverkusen,9.0
Fabian Bredlow,3.0,1.0,2.0,66.7,0.8,2.0,24.0,3.0,12.5,3.0,Stuttgart,9.0
Andreas Luthe,2.0,1.0,1.0,50.0,0.9,6.0,42.0,3.0,33.3,0.0,Union Berlin,9.0
Manuel Riemann,5.0,0.0,5.0,100.0,1.6,16.0,37.0,0.0,83.8,0.0,Bochum,9.0
Kevin Trapp,7.0,2.0,5.0,71.4,2.2,13.0,47.0,6.0,36.2,3.0,Eintracht Frankfurt,9.0
Oliver Baumann,2.0,0.0,2.0,100.0,0.2,1.0,34.0,4.0,26.5,2.0,Hoffenheim,10.0
Alexander Schwolow,3.0,2.0,1.0,33.3,1.1,6.0,33.0,6.0,36.4,1.0,Hertha BSC,10.0
Mark Flekken,4.0,1.0,3.0,75.0,1.1,9.0,34.0,4.0,44.1,0.0,Freiburg,10.0
Marius Funk,4.0,3.0,3.0,50.0,1.3,4.0,35.0,4.0,34.3,0.0,Greuther Fürth,10.0
Lukáš Hrádecký,8.0,2.0,6.0,75.0,2.2,2.0,23.0,3.0,26.1,0.0,Bayer Leverkusen,10.0
Koen Casteels,0.0,0.0,0.0,0.0,0.7,9.0,21.0,4.0,57.1,0.0,Wolfsburg,10.0
Gregor Kobel,5.0,0.0,5.0,100.0,0.7,6.0,27.0,5.0,51.9,1.0,Dortmund,10.0
Timo Horn,5.0,2.0,3.0,60.0,2.1,4.0,29.0,4.0,34.5,2.0,Köln,10.0
Andreas Luthe,5.0,5.0,1.0,20.0,4.4,4.0,28.0,5.0,57.1,1.0,Union Berlin,10.0
Manuel Neuer,6.0,2.0,4.0,66.7,1.0,8.0,34.0,7.0,32.4,1.0,Bayern Munich,10.0
Stefan Ortega,4.0,2.0,2.0,50.0,2.1,11.0,50.0,4.0,48.0,2.0,Arminia,10.0
Robin Zentner,6.0,1.0,5.0,83.3,1.1,5.0,31.0,11.0,38.7,0.0,Mainz 05,10.0
Kevin Trapp,8.0,1.0,7.0,87.5,2.1,7.0,28.0,3.0,50.0,0.0,Eintracht Frankfurt,10.0
Péter Gulácsi,3.0,1.0,2.0,66.7,0.3,8.0,22.0,2.0,40.9,1.0,RB Leipzig,10.0
Rafał Gikiewicz,3.0,1.0,2.0,66.7,0.6,7.0,30.0,4.0,56.7,0.0,Augsburg,10.0
Fabian Bredlow,10.0,4.0,6.0,60.0,3.6,2.0,22.0,8.0,18.2,0.0,Stuttgart,10.0
Yann Sommer,4.0,1.0,3.0,75.0,0.5,2.0,36.0,2.0,19.4,1.0,Mönchengladbach,10.0
Manuel Riemann,4.0,2.0,2.0,50.0,2.1,12.0,35.0,3.0,68.6,2.0,Bochum,10.0
Robin Zentner,5.0,1.0,4.0,80.0,1.5,2.0,18.0,8.0,22.2,1.0,Mainz 05,11.0
Yann Sommer,8.0,1.0,7.0,87.5,2.5,9.0,31.0,6.0,48.4,0.0,Mönchengladbach,11.0
Manuel Riemann,1.0,0.0,1.0,100.0,0.1,18.0,40.0,2.0,82.5,0.0,Bochum,11.0
Oliver Baumann,4.0,2.0,2.0,50.0,1.4,5.0,61.0,7.0,23.0,3.0,Hoffenheim,11.0
Fabian Bredlow,3.0,1.0,2.0,66.7,0.7,2.0,27.0,6.0,22.2,1.0,Stuttgart,11.0
Stefan Ortega,3.0,0.0,3.0,100.0,0.5,8.0,38.0,1.0,60.5,2.0,Arminia,11.0
Manuel Neuer,3.0,1.0,2.0,66.7,1.3,6.0,46.0,2.0,21.7,2.0,Bayern Munich,11.0
Mark Flekken,11.0,2.0,9.0,81.8,2.6,17.0,27.0,6.0,66.7,1.0,Freiburg,11.0
Koen Casteels,3.0,0.0,3.0,100.0,0.5,10.0,44.0,5.0,47.7,0.0,Wolfsburg,11.0
Rafał Gikiewicz,3.0,1.0,2.0,66.7,0.4,5.0,25.0,3.0,44.0,1.0,Augsburg,11.0
Péter Gulácsi,3.0,1.0,2.0,66.7,0.8,4.0,32.0,5.0,50.0,1.0,RB Leipzig,11.0
Gregor Kobel,6.0,2.0,4.0,66.7,2.2,5.0,30.0,7.0,30.0,1.0,Dortmund,11.0
Alexander Schwolow,4.0,1.0,3.0,75.0,1.3,6.0,30.0,8.0,23.3,0.0,Hertha BSC,11.0
Lukáš Hrádecký,5.0,1.0,4.0,80.0,0.9,3.0,28.0,8.0,17.9,1.0,Bayer Leverkusen,11.0
Timo Horn,3.0,2.0,1.0,33.3,0.8,6.0,40.0,4.0,25.0,1.0,Köln,11.0
Andreas Luthe,6.0,2.0,3.0,66.7,1.4,5.0,17.0,1.0,58.8,0.0,Union Berlin,11.0
Marius Funk,4.0,2.0,2.0,50.0,1.7,12.0,47.0,2.0,57.4,1.0,Greuther Fürth,11.0
Kevin Trapp,2.0,1.0,1.0,50.0,1.4,7.0,26.0,3.0,61.5,0.0,Eintracht Frankfurt,11.0
Rafał Gikiewicz,4.0,1.0,3.0,75.0,0.8,10.0,18.0,1.0,83.3,0.0,Augsburg,12.0
Manuel Neuer,3.0,2.0,1.0,33.3,1.6,2.0,36.0,2.0,11.1,4.0,Bayern Munich,12.0
Oliver Baumann,0.0,0.0,0.0,0.0,0.0,8.0,31.0,3.0,45.2,1.0,Hoffenheim,12.0
Péter Gulácsi,8.0,2.0,6.0,75.0,2.1,2.0,28.0,7.0,7.1,0.0,RB Leipzig,12.0
Gregor Kobel,4.0,1.0,3.0,75.0,1.0,1.0,30.0,4.0,6.7,0.0,Dortmund,12.0
Florian Müller,5.0,2.0,2.0,60.0,2.1,1.0,26.0,6.0,23.1,0.0,Stuttgart,12.0
Lukáš Hrádecký,7.0,0.0,7.0,100.0,0.2,7.0,43.0,6.0,53.5,1.0,Bayer Leverkusen,12.0
Manuel Riemann,5.0,1.0,4.0,80.0,1.0,13.0,32.0,5.0,59.4,2.0,Bochum,12.0
Stefan Ortega,5.0,2.0,3.0,60.0,2.7,13.0,27.0,1.0,81.5,0.0,Arminia,12.0
Koen Casteels,2.0,2.0,1.0,50.0,1.8,4.0,28.0,6.0,14.3,3.0,Wolfsburg,12.0
Yann Sommer,1.0,0.0,1.0,100.0,0.0,3.0,32.0,4.0,21.9,0.0,Mönchengladbach,12.0
Marius Funk,11.0,4.0,7.0,63.6,3.2,5.0,34.0,4.0,32.4,0.0,Greuther Fürth,12.0
Andreas Luthe,2.0,0.0,2.0,100.0,0.0,5.0,24.0,6.0,41.7,0.0,Union Berlin,12.0
Alexander Schwolow,5.0,2.0,3.0,60.0,1.4,4.0,22.0,5.0,13.6,1.0,Hertha BSC,12.0
Mark Flekken,7.0,2.0,5.0,71.4,1.7,6.0,37.0,3.0,32.4,0.0,Freiburg,12.0
Kevin Trapp,4.0,0.0,4.0,100.0,0.9,5.0,22.0,5.0,63.6,0.0,Eintracht Frankfurt,12.0
Robin Zentner,5.0,1.0,4.0,80.0,0.6,5.0,33.0,9.0,39.4,0.0,Mainz 05,12.0
Timo Horn,2.0,1.0,1.0,50.0,0.3,8.0,35.0,5.0,54.3,1.0,Köln,12.0
Florian Müller,5.0,1.0,4.0,80.0,1.3,2.0,33.0,12.0,18.2,0.0,Stuttgart,13.0
Robin Zentner,3.0,2.0,1.0,33.3,0.9,4.0,29.0,6.0,27.6,0.0,Mainz 05,13.0
Alexander Schwolow,6.0,1.0,5.0,83.3,1.3,10.0,27.0,3.0,55.6,2.0,Hertha BSC,13.0
Rafał Gikiewicz,4.0,1.0,3.0,75.0,0.4,4.0,23.0,4.0,26.1,1.0,Augsburg,13.0
Pavao Pervan,7.0,3.0,5.0,71.4,2.4,2.0,17.0,5.0,35.3,0.0,Wolfsburg,13.0
Gregor Kobel,7.0,1.0,6.0,85.7,0.9,3.0,15.0,5.0,20.0,1.0,Dortmund,13.0
Manuel Riemann,11.0,1.0,9.0,90.9,3.1,18.0,46.0,5.0,63.0,1.0,Bochum,13.0
Mark Flekken,6.0,2.0,4.0,66.7,1.1,4.0,31.0,7.0,38.7,1.0,Freiburg,13.0
Marvin Schwäbe,5.0,1.0,4.0,80.0,1.2,9.0,28.0,4.0,53.6,0.0,Köln,13.0
Yann Sommer,9.0,4.0,4.0,55.6,3.0,10.0,35.0,4.0,48.6,2.0,Mönchengladbach,13.0
Marius Funk,11.0,6.0,6.0,45.5,5.2,12.0,42.0,7.0,38.1,2.0,Greuther Fürth,13.0
Philipp Pentke,7.0,3.0,4.0,57.1,2.3,4.0,33.0,5.0,30.3,1.0,Hoffenheim,13.0
Manuel Neuer,0.0,0.0,0.0,0.0,0.0,4.0,36.0,9.0,19.4,0.0,Bayern Munich,13.0
Stefan Ortega,10.0,1.0,9.0,90.0,1.2,20.0,30.0,1.0,83.3,0.0,Arminia,13.0
Kevin Trapp,3.0,1.0,3.0,100.0,1.3,6.0,32.0,7.0,50.0,0.0,Eintracht Frankfurt,13.0
Andreas Luthe,3.0,2.0,1.0,33.3,2.1,8.0,36.0,3.0,50.0,1.0,Union Berlin,13.0
Josep Martinez,4.0,3.0,1.0,25.0,1.9,2.0,15.0,1.0,26.7,3.0,RB Leipzig,13.0
Lukáš Hrádecký,3.0,1.0,2.0,66.7,0.8,8.0,27.0,3.0,37.0,0.0,Bayer Leverkusen,13.0
Andreas Luthe,3.0,1.0,2.0,66.7,0.7,9.0,27.0,5.0,55.6,1.0,Union Berlin,14.0
Péter Gulácsi,4.0,2.0,2.0,50.0,2.0,3.0,23.0,2.0,47.8,1.0,RB Leipzig,14.0
Lukáš Hrádecký,3.0,1.0,2.0,66.7,1.0,7.0,27.0,3.0,25.9,1.0,Bayer Leverkusen,14.0
Marius Funk,8.0,7.0,1.0,12.5,4.5,9.0,31.0,1.0,61.3,1.0,Greuther Fürth,14.0
Stefan Ortega,3.0,1.0,2.0,66.7,0.6,16.0,34.0,1.0,73.5,1.0,Arminia,14.0
Marvin Schwäbe,4.0,1.0,3.0,75.0,0.6,5.0,47.0,4.0,12.8,0.0,Köln,14.0
Oliver Baumann,3.0,2.0,1.0,33.3,1.0,5.0,48.0,4.0,37.5,2.0,Hoffenheim,14.0
Kevin Trapp,4.0,3.0,1.0,25.0,2.3,3.0,46.0,6.0,32.6,2.0,Eintracht Frankfurt,14.0
Rafał Gikiewicz,6.0,3.0,3.0,50.0,2.2,11.0,43.0,7.0,41.9,4.0,Augsburg,14.0
Michael Esser,5.0,2.0,4.0,80.0,2.0,8.0,30.0,6.0,50.0,0.0,Bochum,14.0
Robin Zentner,0.0,0.0,0.0,0.0,0.0,6.0,19.0,2.0,57.9,1.0,Mainz 05,14.0
Pavao Pervan,4.0,3.0,2.0,25.0,0.4,3.0,23.0,5.0,34.8,0.0,Wolfsburg,14.0
Gregor Kobel,5.0,3.0,3.0,60.0,2.4,2.0,31.0,10.0,25.8,1.0,Dortmund,14.0
Manuel Neuer,4.0,2.0,2.0,50.0,1.6,7.0,37.0,5.0,37.8,2.0,Bayern Munich,14.0
Florian Müller,6.0,2.0,4.0,66.7,1.4,4.0,29.0,5.0,24.1,0.0,Stuttgart,14.0
Alexander Schwolow,3.0,2.0,1.0,33.3,1.3,4.0,25.0,3.0,24.0,0.0,Hertha BSC,14.0
Yann Sommer,7.0,6.0,1.0,14.3,4.3,4.0,33.0,4.0,21.2,1.0,Mönchengladbach,14.0
Mark Flekken,3.0,0.0,3.0,100.0,0.1,12.0,26.0,3.0,73.1,0.0,Freiburg,14.0
Marvin Schwäbe,4.0,2.0,2.0,50.0,1.2,2.0,38.0,3.0,15.8,2.0,Köln,15.0
Rafał Gikiewicz,3.0,0.0,3.0,100.0,0.3,12.0,27.0,2.0,74.1,1.0,Augsburg,15.0
Alexander Schwolow,0.0,0.0,0.0,0.0,0.0,7.0,31.0,4.0,32.3,1.0,Hertha BSC,15.0
Stefan Ortega,8.0,2.0,6.0,75.0,1.6,11.0,34.0,2.0,58.8,0.0,Arminia,15.0
Manuel Neuer,3.0,1.0,2.0,66.7,1.0,5.0,48.0,9.0,14.6,1.0,Bayern Munich,15.0
Robin Zentner,6.0,2.0,4.0,66.7,1.3,3.0,19.0,9.0,36.8,1.0,Mainz 05,15.0
Mark Flekken,5.0,2.0,3.0,60.0,1.4,14.0,37.0,2.0,56.8,1.0,Freiburg,15.0
Oliver Baumann,5.0,1.0,4.0,80.0,1.7,5.0,47.0,6.0,23.4,1.0,Hoffenheim,15.0
Péter Gulácsi,4.0,1.0,3.0,75.0,1.2,3.0,41.0,7.0,31.7,0.0,RB Leipzig,15.0
Yann Sommer,10.0,4.0,6.0,60.0,4.0,7.0,34.0,4.0,26.5,3.0,Mönchengladbach,15.0
Manuel Riemann,6.0,1.0,5.0,83.3,1.8,11.0,44.0,3.0,65.9,0.0,Bochum,15.0
Gregor Kobel,2.0,1.0,2.0,100.0,0.9,2.0,41.0,9.0,9.8,0.0,Dortmund,15.0
Koen Casteels,3.0,2.0,1.0,33.3,1.4,8.0,31.0,4.0,38.7,4.0,Wolfsburg,15.0
Florian Müller,3.0,0.0,3.0,100.0,0.2,6.0,28.0,2.0,39.3,0.0,Stuttgart,15.0
Sascha Burchert,6.0,0.0,6.0,100.0,0.6,14.0,39.0,2.0,53.8,2.0,Greuther Fürth,15.0
Andreas Luthe,3.0,1.0,2.0,66.7,1.6,3.0,33.0,5.0,12.1,3.0,Union Berlin,15.0
Kevin Trapp,3.0,2.0,2.0,66.7,1.8,7.0,35.0,3.0,48.6,0.0,Eintracht Frankfurt,15.0
Lukáš Hrádecký,7.0,5.0,2.0,28.6,3.7,6.0,31.0,5.0,32.3,0.0,Bayer Leverkusen,15.0
Florian Müller,12.0,5.0,7.0,58.3,3.7,4.0,25.0,5.0,24.0,0.0,Stuttgart,16.0
Manuel Neuer,1.0,0.0,1.0,100.0,0.1,12.0,54.0,4.0,31.5,0.0,Bayern Munich,16.0
Koen Casteels,6.0,3.0,3.0,50.0,2.9,13.0,22.0,6.0,63.6,1.0,Wolfsburg,16.0
Marvin Schwäbe,5.0,2.0,3.0,60.0,1.4,5.0,49.0,4.0,14.3,0.0,Köln,16.0
Stefan Ortega,3.0,0.0,3.0,100.0,0.6,18.0,46.0,1.0,71.7,1.0,Arminia,16.0
Manuel Riemann,4.0,2.0,2.0,50.0,1.8,19.0,48.0,3.0,72.9,1.0,Bochum,16.0
Robin Zentner,1.0,0.0,1.0,100.0,0.2,3.0,19.0,2.0,21.1,1.0,Mainz 05,16.0
Alexander Schwolow,10.0,4.0,6.0,60.0,2.9,3.0,22.0,5.0,31.8,0.0,Hertha BSC,16.0
Yann Sommer,4.0,3.0,1.0,25.0,2.5,7.0,49.0,3.0,32.7,0.0,Mönchengladbach,16.0
Kevin Trapp,7.0,2.0,6.0,85.7,1.6,5.0,32.0,1.0,53.1,0.0,Eintracht Frankfurt,16.0
Lukáš Hrádecký,6.0,2.0,4.0,66.7,1.7,8.0,41.0,6.0,48.8,0.0,Bayer Leverkusen,16.0
Oliver Baumann,9.0,2.0,7.0,77.8,1.9,3.0,38.0,5.0,23.7,1.0,Hoffenheim,16.0
Andreas Luthe,3.0,0.0,3.0,100.0,0.4,9.0,39.0,4.0,53.8,0.0,Union Berlin,16.0
Mark Flekken,4.0,0.0,4.0,100.0,0.7,9.0,40.0,4.0,30.0,0.0,Freiburg,16.0
Gregor Kobel,1.0,0.0,1.0,100.0,0.0,3.0,22.0,2.0,13.6,2.0,Dortmund,16.0
Sascha Burchert,4.0,3.0,2.0,50.0,1.6,10.0,31.0,0.0,83.9,2.0,Greuther Fürth,16.0
Rafał Gikiewicz,3.0,1.0,2.0,66.7,1.5,5.0,31.0,6.0,45.2,0.0,Augsburg,16.0
Péter Gulácsi,0.0,1.0,0.0,0.0,0.9,1.0,34.0,4.0,20.6,2.0,RB Leipzig,16.0
Manuel Neuer,2.0,0.0,2.0,100.0,0.5,3.0,15.0,4.0,13.3,0.0,Bayern Munich,17.0
Koen Casteels,9.0,4.0,5.0,55.6,3.5,4.0,26.0,10.0,26.9,0.0,Wolfsburg,17.0
Manuel Riemann,3.0,1.0,2.0,66.7,1.0,26.0,69.0,3.0,65.2,2.0,Bochum,17.0
Andreas Luthe,3.0,0.0,3.0,100.0,0.3,6.0,33.0,3.0,54.5,0.0,Union Berlin,17.0
Sascha Burchert,4.0,0.0,4.0,100.0,0.9,10.0,30.0,2.0,66.7,3.0,Greuther Fürth,17.0
Rafał Gikiewicz,1.0,0.0,1.0,100.0,0.0,2.0,20.0,5.0,30.0,1.0,Augsburg,17.0
Péter Gulácsi,4.0,2.0,2.0,50.0,1.5,1.0,27.0,3.0,14.8,2.0,RB Leipzig,17.0
Stefanos Kapino,4.0,0.0,4.0,100.0,1.5,8.0,21.0,2.0,52.4,1.0,Arminia,17.0
Oliver Baumann,5.0,1.0,4.0,80.0,1.9,5.0,45.0,3.0,22.2,2.0,Hoffenheim,17.0
Yann Sommer,7.0,1.0,6.0,85.7,2.7,14.0,35.0,4.0,57.1,1.0,Mönchengladbach,17.0
Kevin Trapp,5.0,0.0,5.0,100.0,0.3,9.0,54.0,10.0,51.9,1.0,Eintracht Frankfurt,17.0
Robin Zentner,4.0,1.0,3.0,75.0,1.1,2.0,23.0,5.0,21.7,2.0,Mainz 05,17.0
Alexander Schwolow,4.0,2.0,2.0,50.0,1.4,13.0,29.0,6.0,58.6,1.0,Hertha BSC,17.0
Marwin Hitz,5.0,3.0,2.0,40.0,1.2,2.0,27.0,4.0,22.2,1.0,Dortmund,17.0
Mark Flekken,4.0,1.0,3.0,75.0,1.0,12.0,27.0,3.0,51.9,1.0,Freiburg,17.0
Lukáš Hrádecký,4.0,2.0,3.0,75.0,2.6,6.0,50.0,7.0,34.0,1.0,Bayer Leverkusen,17.0
Marvin Schwäbe,1.0,0.0,1.0,100.0,0.0,8.0,42.0,4.0,26.2,0.0,Köln,17.0
Florian Müller,3.0,1.0,2.0,66.7,1.3,5.0,31.0,7.0,29.0,1.0,Stuttgart,17.0
Sven Ulreich,4.0,2.0,2.0,50.0,2.0,6.0,43.0,6.0,18.6,3.0,Bayern Munich,18.0
Yann Sommer,6.0,1.0,5.0,83.3,1.6,11.0,33.0,3.0,57.6,2.0,Mönchengladbach,18.0
Benjamin Uphoff,5.0,2.0,3.0,60.0,0.6,11.0,37.0,3.0,48.6,1.0,Freiburg,18.0
Stefan Ortega,6.0,2.0,4.0,66.7,2.7,13.0,44.0,1.0,50.0,1.0,Arminia,18.0
Lukáš Hrádecký,7.0,2.0,5.0,71.4,2.6,8.0,24.0,3.0,50.0,0.0,Bayer Leverkusen,18.0
Andreas Luthe,8.0,2.0,6.0,75.0,2.5,8.0,18.0,5.0,61.1,0.0,Union Berlin,18.0
Péter Gulácsi,1.0,1.0,0.0,0.0,0.7,2.0,25.0,4.0,16.0,0.0,RB Leipzig,18.0
Robin Zentner,6.0,4.0,3.0,50.0,3.8,5.0,22.0,5.0,13.6,1.0,Mainz 05,18.0
Oliver Baumann,3.0,1.0,2.0,66.7,0.8,2.0,46.0,8.0,21.7,0.0,Hoffenheim,18.0
Rafał Gikiewicz,5.0,3.0,2.0,40.0,2.6,8.0,45.0,6.0,42.2,1.0,Augsburg,18.0
Sascha Burchert,2.0,0.0,2.0,100.0,0.2,9.0,30.0,8.0,36.7,0.0,Greuther Fürth,18.0
Florian Müller,2.0,0.0,2.0,100.0,0.2,0.0,22.0,1.0,0.0,2.0,Stuttgart,18.0
Kevin Trapp,8.0,3.0,4.0,62.5,2.1,11.0,40.0,3.0,62.5,1.0,Eintracht Frankfurt,18.0
Gregor Kobel,5.0,2.0,3.0,60.0,1.6,2.0,27.0,3.0,0.0,2.0,Dortmund,18.0
Alexander Schwolow,7.0,3.0,4.0,57.1,3.2,9.0,40.0,12.0,40.0,1.0,Hertha BSC,18.0
Marvin Schwäbe,5.0,1.0,4.0,80.0,1.1,3.0,28.0,7.0,7.1,0.0,Köln,18.0
Manuel Riemann,3.0,0.0,3.0,100.0,0.1,23.0,51.0,3.0,70.6,2.0,Bochum,18.0
Koen Casteels,3.0,1.0,2.0,66.7,1.2,18.0,50.0,10.0,62.0,1.0,Wolfsburg,18.0
Gregor Kobel,4.0,1.0,3.0,75.0,1.1,1.0,33.0,3.0,18.2,1.0,Dortmund,19.0
Benjamin Uphoff,7.0,5.0,2.0,28.6,2.3,15.0,33.0,11.0,45.5,1.0,Freiburg,19.0
Florian Müller,2.0,2.0,1.0,50.0,1.6,0.0,25.0,1.0,4.0,4.0,Stuttgart,19.0
Péter Gulácsi,8.0,0.0,8.0,100.0,1.5,9.0,40.0,6.0,35.0,1.0,RB Leipzig,19.0
Andreas Luthe,4.0,1.0,4.0,75.0,1.4,5.0,33.0,2.0,42.4,0.0,Union Berlin,19.0
Oliver Baumann,4.0,2.0,2.0,50.0,1.5,3.0,46.0,7.0,23.9,0.0,Hoffenheim,19.0
Marvin Schwäbe,9.0,4.0,5.0,55.6,3.9,4.0,44.0,5.0,22.7,1.0,Köln,19.0
Manuel Neuer,3.0,0.0,3.0,100.0,1.0,8.0,30.0,2.0,40.0,0.0,Bayern Munich,19.0
Robin Zentner,3.0,0.0,3.0,100.0,1.4,8.0,29.0,8.0,62.1,0.0,Mainz 05,19.0
Manuel Riemann,5.0,1.0,4.0,80.0,1.8,18.0,53.0,3.0,69.8,4.0,Bochum,19.0
Koen Casteels,1.0,0.0,1.0,100.0,0.0,5.0,38.0,6.0,39.5,0.0,Wolfsburg,19.0
Alexander Schwolow,3.0,0.0,3.0,100.0,0.9,4.0,25.0,3.0,32.0,1.0,Hertha BSC,19.0
Yann Sommer,12.0,2.0,10.0,83.3,4.4,9.0,30.0,6.0,66.7,0.0,Mönchengladbach,19.0
Lukáš Hrádecký,6.0,1.0,5.0,83.3,2.1,9.0,42.0,8.0,45.2,0.0,Bayer Leverkusen,19.0
Rafał Gikiewicz,4.0,1.0,3.0,75.0,1.3,8.0,29.0,3.0,41.4,1.0,Augsburg,19.0
Diant Ramaj,4.0,1.0,3.0,75.0,0.9,5.0,36.0,6.0,38.9,2.0,Eintracht Frankfurt,19.0
Stefan Ortega,3.0,2.0,1.0,33.3,1.7,17.0,30.0,1.0,83.3,2.0,Arminia,19.0
Sascha Burchert,5.0,2.0,3.0,60.0,1.8,9.0,40.0,1.0,60.0,2.0,Greuther Fürth,19.0
Kevin Trapp,5.0,2.0,3.0,60.0,2.3,6.0,36.0,3.0,36.1,2.0,Eintracht Frankfurt,20.0
Stefan Ortega,7.0,0.0,7.0,100.0,1.1,10.0,28.0,0.0,85.7,0.0,Arminia,20.0
Lukáš Hrádecký,5.0,1.0,4.0,80.0,1.8,6.0,33.0,4.0,12.1,0.0,Bayer Leverkusen,20.0
Rafał Gikiewicz,12.0,5.0,7.0,58.3,3.8,8.0,26.0,6.0,42.3,0.0,Augsburg,20.0
Yann Sommer,2.0,2.0,1.0,50.0,1.8,7.0,41.0,2.0,36.6,2.0,Mönchengladbach,20.0
Frederik Rønnow,5.0,1.0,4.0,80.0,0.7,5.0,40.0,3.0,50.0,0.0,Union Berlin,20.0
Sascha Burchert,5.0,1.0,4.0,80.0,1.5,14.0,23.0,3.0,73.9,1.0,Greuther Fürth,20.0
Robin Zentner,5.0,2.0,4.0,60.0,1.3,1.0,16.0,5.0,18.8,5.0,Mainz 05,20.0
Oliver Baumann,2.0,3.0,0.0,-50.0,1.8,4.0,47.0,6.0,19.1,2.0,Hoffenheim,20.0
Gregor Kobel,2.0,2.0,0.0,0.0,1.4,4.0,35.0,3.0,28.6,0.0,Dortmund,20.0
Mark Flekken,1.0,0.0,1.0,100.0,0.5,11.0,42.0,2.0,45.2,0.0,Freiburg,20.0
Florian Müller,4.0,2.0,3.0,50.0,0.4,10.0,36.0,4.0,33.3,2.0,Stuttgart,20.0
Manuel Riemann,3.0,2.0,1.0,33.3,1.7,23.0,59.0,4.0,67.8,1.0,Bochum,20.0
Marvin Schwäbe,7.0,2.0,5.0,71.4,1.6,7.0,30.0,5.0,43.3,0.0,Köln,20.0
Péter Gulácsi,3.0,0.0,3.0,100.0,0.4,3.0,18.0,1.0,44.4,0.0,RB Leipzig,20.0
Koen Casteels,3.0,2.0,1.0,33.3,1.6,9.0,30.0,5.0,36.7,0.0,Wolfsburg,20.0
Alexander Schwolow,18.0,4.0,14.0,77.8,5.0,6.0,38.0,10.0,34.2,0.0,Hertha BSC,20.0
Manuel Neuer,2.0,1.0,1.0,50.0,0.4,2.0,27.0,4.0,7.4,1.0,Bayern Munich,20.0
Alexander Schwolow,4.0,1.0,3.0,75.0,1.0,11.0,26.0,5.0,69.2,2.0,Hertha BSC,21.0
Manuel Riemann,3.0,1.0,2.0,66.7,1.3,18.0,55.0,5.0,74.5,0.0,Bochum,21.0
Florian Müller,6.0,3.0,3.0,50.0,1.9,6.0,35.0,7.0,11.4,1.0,Stuttgart,21.0
Kevin Trapp,5.0,2.0,3.0,60.0,1.7,9.0,28.0,8.0,53.6,2.0,Eintracht Frankfurt,21.0
Stefan Ortega,4.0,1.0,3.0,75.0,0.8,13.0,43.0,5.0,62.8,3.0,Arminia,21.0
Yann Sommer,5.0,1.0,4.0,80.0,0.9,6.0,39.0,8.0,38.5,0.0,Mönchengladbach,21.0
Marvin Schwäbe,2.0,0.0,2.0,100.0,0.3,11.0,39.0,1.0,53.8,0.0,Köln,21.0
Mark Flekken,3.0,1.0,2.0,66.7,1.0,7.0,27.0,3.0,59.3,0.0,Freiburg,21.0
Rafał Gikiewicz,4.0,0.0,4.0,100.0,0.8,8.0,27.0,1.0,55.6,0.0,Augsburg,21.0
Andreas Luthe,7.0,2.0,5.0,71.4,1.4,12.0,29.0,5.0,48.3,0.0,Union Berlin,21.0
Robin Zentner,3.0,0.0,3.0,100.0,0.9,5.0,24.0,2.0,37.5,1.0,Mainz 05,21.0
Oliver Baumann,3.0,2.0,2.0,66.7,2.0,1.0,23.0,5.0,17.4,0.0,Hoffenheim,21.0
Manuel Neuer,7.0,2.0,5.0,71.4,2.2,2.0,33.0,4.0,21.2,1.0,Bayern Munich,21.0
Péter Gulácsi,7.0,3.0,5.0,57.1,2.8,2.0,41.0,7.0,19.5,2.0,RB Leipzig,21.0
Gregor Kobel,6.0,5.0,2.0,16.7,3.3,2.0,18.0,3.0,5.6,5.0,Dortmund,21.0
Lennart Grill,6.0,2.0,5.0,66.7,1.1,4.0,36.0,6.0,30.6,0.0,Bayer Leverkusen,21.0
Koen Casteels,3.0,1.0,3.0,100.0,1.2,3.0,31.0,7.0,25.8,0.0,Wolfsburg,21.0
Sascha Burchert,6.0,4.0,1.0,33.3,2.3,4.0,33.0,3.0,36.4,0.0,Greuther Fürth,21.0
Péter Gulácsi,2.0,1.0,1.0,50.0,0.1,7.0,50.0,5.0,26.0,1.0,RB Leipzig,22.0
Marvin Schwäbe,4.0,3.0,1.0,25.0,1.9,9.0,52.0,3.0,19.2,1.0,Köln,22.0
Mark Flekken,5.0,1.0,4.0,80.0,1.8,8.0,34.0,4.0,35.3,4.0,Freiburg,22.0
Robin Zentner,5.0,1.0,4.0,80.0,0.9,11.0,21.0,5.0,61.9,0.0,Mainz 05,22.0
Andreas Linde,7.0,1.0,6.0,85.7,0.9,11.0,29.0,3.0,55.2,0.0,Greuther Fürth,22.0
Alexander Schwolow,4.0,2.0,3.0,75.0,2.0,7.0,12.0,4.0,25.0,0.0,Hertha BSC,22.0
Yann Sommer,5.0,2.0,3.0,60.0,2.2,8.0,51.0,9.0,39.2,1.0,Mönchengladbach,22.0
Rafał Gikiewicz,5.0,3.0,2.0,40.0,3.0,8.0,23.0,2.0,39.1,0.0,Augsburg,22.0
Kevin Trapp,2.0,2.0,1.0,50.0,1.0,6.0,38.0,4.0,39.5,2.0,Eintracht Frankfurt,22.0
Koen Casteels,2.0,0.0,2.0,100.0,0.2,8.0,20.0,5.0,60.0,1.0,Wolfsburg,22.0
Michael Esser,3.0,2.0,1.0,33.3,1.5,7.0,34.0,0.0,64.7,0.0,Bochum,22.0
Sven Ulreich,6.0,4.0,3.0,50.0,2.7,5.0,43.0,5.0,39.5,2.0,Bayern Munich,22.0
Lukáš Hrádecký,5.0,2.0,3.0,60.0,1.3,4.0,29.0,2.0,17.2,3.0,Bayer Leverkusen,22.0
Florian Müller,6.0,4.0,2.0,33.3,2.6,2.0,20.0,7.0,30.0,1.0,Stuttgart,22.0
Andreas Luthe,6.0,3.0,3.0,50.0,1.3,3.0,18.0,4.0,44.4,0.0,Union Berlin,22.0
Gregor Kobel,2.0,0.0,2.0,100.0,0.3,6.0,32.0,8.0,28.1,0.0,Dortmund,22.0
Oliver Baumann,3.0,0.0,3.0,100.0,0.1,4.0,36.0,6.0,33.3,1.0,Hoffenheim,22.0
Stefan Ortega,7.0,2.0,5.0,71.4,1.8,12.0,44.0,6.0,29.5,3.0,Arminia,22.0
Robin Zentner,6.0,2.0,4.0,66.7,2.2,8.0,16.0,5.0,68.8,1.0,Mainz 05,23.0
Lukáš Hrádecký,5.0,3.0,2.0,40.0,2.0,7.0,40.0,6.0,40.0,1.0,Bayer Leverkusen,23.0
Florian Müller,3.0,1.0,3.0,100.0,1.4,11.0,44.0,9.0,45.5,0.0,Stuttgart,23.0
Manuel Riemann,7.0,1.0,7.0,85.7,1.7,13.0,36.0,4.0,66.7,2.0,Bochum,23.0
Stefan Ortega,3.0,0.0,3.0,100.0,0.8,22.0,51.0,2.0,54.9,1.0,Arminia,23.0
Andreas Luthe,3.0,1.0,2.0,66.7,1.5,6.0,38.0,4.0,36.8,0.0,Union Berlin,23.0
Koen Casteels,4.0,2.0,2.0,50.0,2.1,4.0,28.0,6.0,28.6,1.0,Wolfsburg,23.0
Oliver Baumann,6.0,1.0,5.0,83.3,2.1,6.0,41.0,3.0,43.9,3.0,Hoffenheim,23.0
Rafał Gikiewicz,5.0,2.0,3.0,60.0,0.7,7.0,28.0,5.0,42.9,2.0,Augsburg,23.0
Mark Flekken,4.0,1.0,3.0,75.0,0.6,6.0,37.0,3.0,37.8,1.0,Freiburg,23.0
Timo Horn,2.0,0.0,2.0,100.0,0.1,8.0,55.0,3.0,45.5,0.0,Köln,23.0
Kevin Trapp,8.0,1.0,7.0,87.5,1.3,7.0,37.0,4.0,70.3,1.0,Eintracht Frankfurt,23.0
Sven Ulreich,3.0,1.0,2.0,66.7,1.1,1.0,23.0,7.0,4.3,2.0,Bayern Munich,23.0
Andreas Linde,8.0,4.0,5.0,50.0,3.0,6.0,21.0,3.0,61.9,0.0,Greuther Fürth,23.0
Gregor Kobel,4.0,0.0,4.0,100.0,1.0,1.0,32.0,7.0,28.1,0.0,Dortmund,23.0
Yann Sommer,9.0,6.0,4.0,44.4,4.3,9.0,54.0,7.0,27.8,3.0,Mönchengladbach,23.0
Alexander Schwolow,8.0,6.0,3.0,37.5,4.9,2.0,16.0,5.0,18.8,0.0,Hertha BSC,23.0
Péter Gulácsi,4.0,1.0,3.0,75.0,1.2,3.0,21.0,1.0,28.6,1.0,RB Leipzig,23.0
Oliver Baumann,4.0,1.0,3.0,75.0,1.5,0.0,24.0,4.0,29.2,1.0,Hoffenheim,24.0
Florian Müller,6.0,2.0,4.0,66.7,1.7,5.0,17.0,3.0,17.6,0.0,Stuttgart,24.0
Mark Flekken,2.0,0.0,2.0,100.0,1.0,9.0,34.0,1.0,29.4,0.0,Freiburg,24.0
Marcel Lotka,4.0,3.0,2.0,50.0,3.8,4.0,22.0,5.0,22.7,0.0,Hertha BSC,24.0
Lukáš Hrádecký,3.0,0.0,3.0,100.0,0.2,2.0,25.0,6.0,8.0,1.0,Bayer Leverkusen,24.0
Stefan Ortega,9.0,3.0,6.0,66.7,3.3,18.0,34.0,3.0,67.6,0.0,Arminia,24.0
Andreas Linde,4.0,1.0,3.0,75.0,0.8,6.0,29.0,6.0,51.7,0.0,Greuther Fürth,24.0
Marvin Schwäbe,5.0,1.0,4.0,80.0,1.1,4.0,31.0,5.0,19.4,1.0,Köln,24.0
Yann Sommer,2.0,2.0,0.0,0.0,1.7,10.0,36.0,3.0,38.9,2.0,Mönchengladbach,24.0
Koen Casteels,10.0,2.0,8.0,80.0,2.7,6.0,25.0,2.0,64.0,1.0,Wolfsburg,24.0
Andreas Luthe,1.0,1.0,0.0,0.0,0.6,4.0,18.0,4.0,55.6,1.0,Union Berlin,24.0
Robin Zentner,3.0,3.0,0.0,0.0,1.7,2.0,25.0,8.0,32.0,2.0,Mainz 05,24.0
Kevin Trapp,9.0,1.0,8.0,88.9,1.9,4.0,25.0,8.0,68.0,0.0,Eintracht Frankfurt,24.0
Sven Ulreich,1.0,0.0,1.0,100.0,0.0,6.0,33.0,1.0,36.4,1.0,Bayern Munich,24.0
Manuel Riemann,1.0,1.0,0.0,0.0,0.8,23.0,43.0,5.0,69.8,4.0,Bochum,24.0
Péter Gulácsi,1.0,0.0,1.0,100.0,0.0,11.0,23.0,3.0,60.9,2.0,RB Leipzig,24.0
Rafał Gikiewicz,6.0,1.0,4.0,83.3,1.2,10.0,35.0,7.0,40.0,2.0,Augsburg,24.0
Gregor Kobel,3.0,1.0,2.0,66.7,1.0,0.0,42.0,10.0,16.7,0.0,Dortmund,24.0
Stefan Ortega,1.0,1.0,0.0,0.0,0.2,20.0,56.0,1.0,58.9,3.0,Arminia,25.0
Rafał Gikiewicz,1.0,0.0,1.0,100.0,0.1,11.0,26.0,1.0,65.4,0.0,Augsburg,25.0
Péter Gulácsi,3.0,1.0,2.0,66.7,0.7,0.0,16.0,5.0,0.0,1.0,RB Leipzig,25.0
Mark Flekken,6.0,1.0,5.0,83.3,1.1,6.0,28.0,4.0,42.9,2.0,Freiburg,25.0
Sven Ulreich,2.0,1.0,2.0,50.0,0.9,2.0,27.0,4.0,18.5,0.0,Bayern Munich,25.0
Lukáš Hrádecký,5.0,1.0,4.0,80.0,1.2,10.0,27.0,5.0,55.6,0.0,Bayer Leverkusen,25.0
Koen Casteels,5.0,0.0,5.0,100.0,1.0,10.0,28.0,6.0,39.3,0.0,Wolfsburg,25.0
Andreas Luthe,3.0,1.0,3.0,66.7,0.5,7.0,27.0,2.0,48.1,2.0,Union Berlin,25.0
Marcel Lotka,5.0,4.0,1.0,20.0,2.0,10.0,39.0,4.0,53.8,3.0,Hertha BSC,25.0
Kevin Trapp,4.0,1.0,3.0,75.0,0.7,7.0,32.0,4.0,59.4,0.0,Eintracht Frankfurt,25.0
Manuel Riemann,1.0,1.0,1.0,0.0,0.6,22.0,38.0,3.0,78.9,1.0,Bochum,25.0
Andreas Linde,7.0,2.0,4.0,71.4,1.9,10.0,33.0,8.0,54.5,2.0,Greuther Fürth,25.0
Florian Müller,3.0,2.0,1.0,33.3,1.4,1.0,24.0,4.0,20.8,1.0,Stuttgart,25.0
Yann Sommer,7.0,3.0,4.0,57.1,2.5,6.0,48.0,4.0,41.7,0.0,Mönchengladbach,25.0
Marvin Schwäbe,3.0,1.0,2.0,66.7,1.0,10.0,45.0,2.0,17.8,0.0,Köln,25.0
Oliver Baumann,4.0,0.0,4.0,100.0,0.9,14.0,57.0,8.0,40.4,1.0,Hoffenheim,25.0
Frederik Rønnow,3.0,1.0,2.0,66.7,1.0,10.0,28.0,6.0,60.7,0.0,Union Berlin,26.0
Florian Müller,2.0,1.0,2.0,100.0,1.1,7.0,25.0,8.0,16.0,1.0,Stuttgart,26.0
Oliver Baumann,7.0,1.0,6.0,85.7,2.5,11.0,46.0,7.0,32.6,1.0,Hoffenheim,26.0
Manuel Neuer,6.0,1.0,5.0,83.3,1.5,4.0,37.0,6.0,24.3,0.0,Bayern Munich,26.0
Mark Flekken,5.0,2.0,3.0,60.0,1.6,8.0,35.0,2.0,77.1,0.0,Freiburg,26.0
Pavao Pervan,8.0,3.0,5.0,62.5,1.9,3.0,27.0,7.0,18.5,1.0,Wolfsburg,26.0
Yann Sommer,3.0,0.0,3.0,100.0,0.4,7.0,37.0,4.0,59.5,0.0,Mönchengladbach,26.0
Marcel Lotka,4.0,2.0,3.0,75.0,1.8,6.0,21.0,8.0,28.6,1.0,Hertha BSC,26.0
Lukáš Hrádecký,3.0,1.0,2.0,66.7,0.9,5.0,30.0,2.0,46.7,2.0,Bayer Leverkusen,26.0
Marvin Schwäbe,3.0,0.0,3.0,100.0,0.5,12.0,40.0,5.0,40.0,0.0,Köln,26.0
Gregor Kobel,4.0,0.0,4.0,100.0,0.2,7.0,41.0,6.0,26.8,0.0,Dortmund,26.0
Stefan Ortega,3.0,1.0,2.0,66.7,1.3,13.0,51.0,2.0,58.8,1.0,Arminia,26.0
Kevin Trapp,5.0,1.0,4.0,80.0,1.8,7.0,23.0,4.0,60.9,1.0,Eintracht Frankfurt,26.0
Manuel Riemann,4.0,2.0,3.0,50.0,1.3,24.0,49.0,0.0,83.7,4.0,Bochum,26.0
Andreas Linde,6.0,6.0,0.0,0.0,3.4,2.0,35.0,5.0,28.6,0.0,Greuther Fürth,26.0
Péter Gulácsi,1.0,1.0,0.0,0.0,0.4,0.0,13.0,0.0,7.7,1.0,RB Leipzig,26.0
Robin Zentner,4.0,1.0,3.0,75.0,1.2,5.0,19.0,5.0,47.4,1.0,Mainz 05,25.0
Gregor Kobel,1.0,0.0,1.0,100.0,0.1,8.0,25.0,5.0,52.0,1.0,Dortmund,25.0
Manuel Riemann,5.0,2.0,3.0,60.0,1.5,19.0,43.0,3.0,86.0,2.0,Bochum,27.0
Yann Sommer,7.0,0.0,7.0,100.0,1.1,2.0,24.0,4.0,33.3,2.0,Mönchengladbach,27.0
Florian Müller,4.0,2.0,2.0,50.0,1.4,7.0,23.0,5.0,26.1,0.0,Stuttgart,27.0
Rafał Gikiewicz,8.0,3.0,5.0,62.5,3.0,19.0,40.0,2.0,67.5,2.0,Augsburg,27.0
Alexander Schwolow,0.0,0.0,0.0,0.0,0.0,9.0,13.0,1.0,84.6,0.0,Hertha BSC,27.0
Oliver Baumann,6.0,3.0,3.0,50.0,2.0,1.0,36.0,9.0,16.7,2.0,Hoffenheim,27.0
Robin Zentner,0.0,0.0,0.0,0.0,0.0,6.0,17.0,3.0,52.9,2.0,Mainz 05,27.0
Stefan Ortega,3.0,4.0,2.0,66.7,3.9,11.0,45.0,2.0,53.3,0.0,Arminia,27.0
Andreas Linde,3.0,0.0,2.0,100.0,0.6,7.0,35.0,6.0,34.3,0.0,Greuther Fürth,27.0
Mark Flekken,1.0,0.0,1.0,100.0,0.2,5.0,37.0,3.0,29.7,2.0,Freiburg,27.0
Manuel Neuer,4.0,0.0,4.0,100.0,0.6,8.0,40.0,6.0,30.0,2.0,Bayern Munich,27.0
Andreas Luthe,5.0,4.0,2.0,40.0,2.7,13.0,27.0,5.0,59.3,0.0,Union Berlin,27.0
Péter Gulácsi,0.0,0.0,0.0,0.0,0.0,1.0,32.0,6.0,9.4,4.0,RB Leipzig,27.0
Kevin Trapp,6.0,0.0,5.0,100.0,1.7,3.0,34.0,5.0,35.3,1.0,Eintracht Frankfurt,27.0
Pavao Pervan,5.0,2.0,3.0,60.0,0.6,7.0,33.0,4.0,45.5,1.0,Wolfsburg,27.0
Lukáš Hrádecký,3.0,0.0,2.0,100.0,0.7,7.0,32.0,4.0,40.6,1.0,Bayer Leverkusen,27.0
Marvin Schwäbe,3.0,1.0,2.0,66.7,1.1,10.0,48.0,0.0,37.5,0.0,Köln,27.0
Gregor Kobel,1.0,1.0,0.0,0.0,1.0,1.0,17.0,3.0,35.3,1.0,Dortmund,27.0
Frederik Rønnow,1.0,0.0,1.0,100.0,0.1,5.0,28.0,4.0,57.1,0.0,Union Berlin,28.0
Marvin Schwäbe,4.0,1.0,3.0,75.0,1.6,10.0,40.0,5.0,45.0,0.0,Köln,28.0
Stefan Ortega,3.0,1.0,2.0,100.0,2.1,14.0,56.0,2.0,51.8,2.0,Arminia,28.0
Florian Müller,4.0,1.0,3.0,75.0,1.7,11.0,29.0,6.0,34.5,1.0,Stuttgart,28.0
Oliver Baumann,6.0,2.0,4.0,66.7,1.2,13.0,53.0,5.0,35.8,1.0,Hoffenheim,28.0
Manuel Riemann,6.0,1.0,5.0,83.3,2.4,24.0,58.0,8.0,60.3,0.0,Bochum,28.0
Lukáš Hrádecký,4.0,1.0,3.0,75.0,1.3,0.0,32.0,4.0,18.8,2.0,Bayer Leverkusen,28.0
Alexander Schwolow,0.0,0.0,0.0,0.0,0.0,3.0,4.0,0.0,75.0,0.0,Hertha BSC,28.0
Marcel Lotka,6.0,2.0,4.0,66.7,2.0,8.0,22.0,2.0,72.7,0.0,Hertha BSC,28.0
Kevin Trapp,2.0,0.0,2.0,100.0,0.4,1.0,18.0,4.0,22.2,2.0,Eintracht Frankfurt,28.0
Andreas Linde,6.0,0.0,6.0,100.0,1.4,6.0,35.0,4.0,51.4,0.0,Greuther Fürth,28.0
Mark Flekken,10.0,4.0,6.0,60.0,2.9,12.0,38.0,5.0,52.6,0.0,Freiburg,28.0
Manuel Neuer,3.0,1.0,2.0,66.7,0.7,5.0,26.0,5.0,30.8,1.0,Bayern Munich,28.0
Gregor Kobel,5.0,4.0,1.0,20.0,2.6,3.0,22.0,4.0,18.2,2.0,Dortmund,28.0
Péter Gulácsi,2.0,1.0,1.0,50.0,0.6,6.0,34.0,9.0,44.1,2.0,RB Leipzig,28.0
Rafał Gikiewicz,5.0,0.0,5.0,100.0,1.0,9.0,32.0,5.0,71.9,1.0,Augsburg,28.0
Pavao Pervan,4.0,3.0,1.0,25.0,1.6,3.0,30.0,3.0,23.3,3.0,Wolfsburg,28.0
Yann Sommer,10.0,1.0,8.0,90.0,2.8,6.0,55.0,4.0,36.4,0.0,Mönchengladbach,28.0
Robin Zentner,7.0,1.0,6.0,85.7,1.2,3.0,40.0,6.0,45.0,3.0,Mainz 05,28.0
Rafał Gikiewicz,3.0,1.0,2.0,66.7,0.5,4.0,27.0,4.0,59.3,4.0,Augsburg,26.0
Robin Zentner,3.0,2.0,2.0,66.7,1.9,3.0,22.0,4.0,31.8,6.0,Mainz 05,26.0
Florian Müller,4.0,2.0,2.0,50.0,1.3,4.0,17.0,3.0,17.6,1.0,Stuttgart,29.0
Gregor Kobel,2.0,0.0,2.0,100.0,0.6,12.0,30.0,6.0,43.3,0.0,Dortmund,29.0
Manuel Neuer,1.0,0.0,1.0,100.0,0.0,10.0,36.0,4.0,27.8,1.0,Bayern Munich,29.0
Rafał Gikiewicz,3.0,1.0,3.0,100.0,1.9,4.0,22.0,2.0,54.5,1.0,Augsburg,29.0
Andreas Linde,5.0,2.0,4.0,80.0,2.3,3.0,39.0,5.0,23.1,1.0,Greuther Fürth,29.0
Yann Sommer,1.0,0.0,1.0,100.0,0.0,8.0,39.0,7.0,23.1,1.0,Mönchengladbach,29.0
Marvin Schwäbe,6.0,2.0,4.0,66.7,1.6,6.0,41.0,4.0,46.3,2.0,Köln,29.0
Robin Zentner,5.0,3.0,2.0,40.0,2.1,10.0,33.0,4.0,75.8,2.0,Mainz 05,29.0
Koen Casteels,3.0,0.0,3.0,100.0,0.3,9.0,27.0,4.0,40.7,0.0,Wolfsburg,29.0
Stefan Ortega,6.0,4.0,1.0,33.3,2.3,9.0,69.0,4.0,31.9,1.0,Arminia,29.0
Marcel Lotka,12.0,4.0,8.0,66.7,4.2,4.0,24.0,7.0,25.0,1.0,Hertha BSC,29.0
Frederik Rønnow,3.0,1.0,3.0,66.7,0.6,5.0,25.0,5.0,36.0,2.0,Union Berlin,29.0
Manuel Riemann,2.0,0.0,2.0,100.0,0.5,19.0,44.0,4.0,65.9,1.0,Bochum,29.0
Lukáš Hrádecký,2.0,0.0,2.0,100.0,1.0,1.0,36.0,7.0,30.6,0.0,Bayer Leverkusen,29.0
Kevin Trapp,4.0,2.0,2.0,50.0,1.2,4.0,29.0,5.0,44.8,0.0,Eintracht Frankfurt,29.0
Mark Flekken,5.0,1.0,4.0,80.0,0.7,13.0,46.0,3.0,60.9,2.0,Freiburg,29.0
Péter Gulácsi,0.0,0.0,0.0,0.0,0.0,4.0,49.0,8.0,24.5,2.0,RB Leipzig,29.0
Oliver Baumann,4.0,3.0,1.0,25.0,1.9,6.0,35.0,1.0,28.6,3.0,Hoffenheim,29.0
Gregor Kobel,4.0,1.0,3.0,75.0,1.4,0.0,15.0,3.0,20.0,0.0,Dortmund,30.0
Koen Casteels,8.0,6.0,2.0,25.0,3.7,5.0,20.0,3.0,35.0,0.0,Wolfsburg,30.0
Robin Zentner,3.0,0.0,3.0,100.0,0.7,3.0,26.0,5.0,46.2,4.0,Mainz 05,30.0
Florian Müller,0.0,0.0,0.0,0.0,0.0,5.0,29.0,6.0,24.1,1.0,Stuttgart,30.0
Mark Flekken,3.0,0.0,3.0,100.0,0.1,10.0,44.0,3.0,47.7,0.0,Freiburg,30.0
Manuel Riemann,8.0,3.0,5.0,62.5,2.6,15.0,43.0,3.0,60.5,1.0,Bochum,30.0
Rafał Gikiewicz,1.0,1.0,0.0,0.0,0.4,8.0,37.0,8.0,29.7,1.0,Augsburg,30.0
Marcel Lotka,1.0,0.0,1.0,100.0,0.6,13.0,33.0,3.0,69.7,0.0,Hertha BSC,30.0
Yann Sommer,6.0,3.0,3.0,50.0,2.8,10.0,57.0,6.0,45.6,0.0,Mönchengladbach,30.0
Marvin Schwäbe,5.0,1.0,4.0,80.0,0.9,6.0,37.0,4.0,32.4,0.0,Köln,30.0
Stefan Ortega,9.0,3.0,6.0,66.7,3.3,14.0,23.0,2.0,73.9,0.0,Arminia,30.0
Manuel Neuer,3.0,0.0,3.0,100.0,0.6,6.0,29.0,3.0,17.2,0.0,Bayern Munich,30.0
Frederik Rønnow,3.0,0.0,3.0,100.0,0.7,12.0,35.0,2.0,62.9,0.0,Union Berlin,30.0
Jens Grahl,4.0,2.0,2.0,50.0,0.7,2.0,19.0,5.0,10.5,0.0,Eintracht Frankfurt,30.0
Oliver Baumann,1.0,0.0,1.0,100.0,0.4,4.0,51.0,2.0,27.5,2.0,Hoffenheim,30.0
Andreas Linde,3.0,0.0,3.0,100.0,0.1,11.0,44.0,8.0,56.8,1.0,Greuther Fürth,30.0
Lukáš Hrádecký,1.0,1.0,0.0,0.0,0.6,6.0,27.0,5.0,25.9,0.0,Bayer Leverkusen,30.0
Péter Gulácsi,4.0,0.0,4.0,100.0,0.2,8.0,36.0,9.0,16.7,0.0,RB Leipzig,30.0
Koen Casteels,3.0,0.0,3.0,100.0,0.4,1.0,20.0,0.0,10.0,1.0,Wolfsburg,31.0
Robin Zentner,7.0,5.0,3.0,42.9,4.3,4.0,34.0,3.0,26.5,0.0,Mainz 05,31.0
Kevin Trapp,4.0,2.0,3.0,50.0,1.2,4.0,31.0,2.0,45.2,1.0,Eintracht Frankfurt,31.0
Oliver Baumann,8.0,2.0,6.0,75.0,2.2,6.0,41.0,7.0,24.4,1.0,Hoffenheim,31.0
Marvin Schwäbe,4.0,1.0,4.0,75.0,0.5,6.0,40.0,5.0,40.0,2.0,Köln,31.0
Stefan Ortega,6.0,3.0,3.0,50.0,3.0,11.0,27.0,1.0,55.6,2.0,Arminia,31.0
Mark Flekken,3.0,3.0,1.0,33.3,1.9,4.0,35.0,3.0,22.9,5.0,Freiburg,31.0
Yann Sommer,5.0,3.0,3.0,60.0,2.2,4.0,26.0,4.0,57.7,2.0,Mönchengladbach,31.0
Péter Gulácsi,4.0,2.0,2.0,50.0,1.2,6.0,24.0,7.0,25.0,0.0,RB Leipzig,31.0
Frederik Rønnow,1.0,1.0,0.0,0.0,0.7,7.0,33.0,3.0,39.4,1.0,Union Berlin,31.0
Andreas Linde,5.0,4.0,1.0,20.0,3.0,2.0,34.0,3.0,29.4,3.0,Greuther Fürth,31.0
Lukáš Hrádecký,3.0,1.0,2.0,66.7,0.9,7.0,31.0,4.0,35.5,1.0,Bayer Leverkusen,31.0
Manuel Neuer,2.0,1.0,2.0,100.0,1.6,11.0,56.0,10.0,44.6,0.0,Bayern Munich,31.0
Marwin Hitz,6.0,3.0,3.0,50.0,2.4,8.0,36.0,10.0,25.0,0.0,Dortmund,31.0
Manuel Riemann,4.0,2.0,3.0,75.0,1.9,23.0,51.0,5.0,62.7,7.0,Bochum,31.0
Rafał Gikiewicz,3.0,0.0,3.0,100.0,1.1,10.0,32.0,7.0,56.3,0.0,Augsburg,31.0
Marcel Lotka,5.0,0.0,5.0,100.0,0.2,8.0,32.0,7.0,68.8,0.0,Hertha BSC,31.0
Florian Müller,2.0,2.0,0.0,0.0,0.7,0.0,28.0,3.0,10.7,5.0,Stuttgart,31.0
Frederik Rønnow,2.0,1.0,1.0,50.0,0.3,8.0,23.0,5.0,56.5,0.0,Union Berlin,32.0
Andreas Linde,3.0,1.0,2.0,66.7,1.0,3.0,42.0,8.0,47.6,0.0,Greuther Fürth,32.0
Marwin Hitz,5.0,4.0,2.0,40.0,3.1,2.0,31.0,7.0,12.9,3.0,Dortmund,32.0
Manuel Riemann,7.0,3.0,6.0,85.7,4.6,22.0,38.0,2.0,68.4,2.0,Bochum,32.0
Florian Müller,5.0,1.0,4.0,80.0,1.3,1.0,24.0,3.0,8.3,1.0,Stuttgart,32.0
Koen Casteels,5.0,1.0,4.0,80.0,1.5,15.0,44.0,4.0,50.0,0.0,Wolfsburg,32.0
Stefan Ortega,5.0,1.0,4.0,80.0,1.3,22.0,77.0,6.0,37.7,2.0,Arminia,32.0
Marcel Lotka,1.0,1.0,0.0,0.0,0.1,10.0,32.0,8.0,53.1,0.0,Hertha BSC,32.0
Rafał Gikiewicz,6.0,4.0,3.0,50.0,4.1,8.0,24.0,5.0,66.7,1.0,Augsburg,32.0
Marvin Schwäbe,4.0,1.0,3.0,75.0,1.4,6.0,39.0,5.0,20.5,0.0,Köln,32.0
Robin Zentner,1.0,1.0,0.0,0.0,0.9,6.0,18.0,3.0,55.6,1.0,Mainz 05,32.0
Sven Ulreich,7.0,3.0,4.0,57.1,2.7,4.0,29.0,8.0,20.7,0.0,Bayern Munich,32.0
Oliver Baumann,5.0,4.0,1.0,20.0,2.4,4.0,34.0,3.0,23.5,1.0,Hoffenheim,32.0
Mark Flekken,7.0,3.0,4.0,57.1,1.5,15.0,43.0,5.0,53.5,1.0,Freiburg,32.0
Yann Sommer,7.0,1.0,5.0,85.7,2.6,7.0,44.0,9.0,31.8,1.0,Mönchengladbach,32.0
Péter Gulácsi,6.0,3.0,3.0,50.0,2.2,1.0,21.0,4.0,9.5,3.0,RB Leipzig,32.0
Lukáš Hrádecký,4.0,0.0,4.0,100.0,0.3,3.0,36.0,6.0,25.0,0.0,Bayer Leverkusen,32.0
Kevin Trapp,3.0,2.0,1.0,33.3,0.8,2.0,19.0,2.0,26.3,0.0,Eintracht Frankfurt,32.0
Manuel Riemann,4.0,1.0,3.0,75.0,0.3,22.0,66.0,6.0,60.6,5.0,Bochum,33.0
Stefan Ortega,9.0,2.0,7.0,77.8,2.6,11.0,48.0,1.0,43.8,0.0,Arminia,33.0
Oliver Baumann,8.0,4.0,4.0,50.0,3.7,7.0,29.0,3.0,55.2,0.0,Hoffenheim,33.0
Lukáš Hrádecký,5.0,2.0,3.0,60.0,1.9,8.0,35.0,7.0,40.0,0.0,Bayer Leverkusen,33.0
Marvin Schwäbe,2.0,1.0,1.0,50.0,1.0,4.0,34.0,4.0,11.8,0.0,Köln,33.0
Pavao Pervan,8.0,0.0,7.0,100.0,1.1,6.0,25.0,3.0,72.0,0.0,Wolfsburg,33.0
Andreas Linde,4.0,3.0,1.0,25.0,1.6,4.0,37.0,6.0,35.1,0.0,Greuther Fürth,33.0
Marwin Hitz,3.0,1.0,2.0,66.7,1.5,6.0,34.0,4.0,29.4,1.0,Dortmund,33.0
Mark Flekken,5.0,4.0,1.0,20.0,3.1,6.0,25.0,2.0,32.0,1.0,Freiburg,33.0
Andreas Luthe,3.0,1.0,2.0,66.7,0.7,11.0,23.0,2.0,78.3,0.0,Union Berlin,33.0
Marcel Lotka,5.0,2.0,3.0,60.0,0.9,7.0,18.0,3.0,72.2,1.0,Hertha BSC,33.0
Finn Dahmen,0.0,1.0,0.0,0.0,0.9,2.0,33.0,6.0,24.2,0.0,Mainz 05,33.0
Kevin Trapp,6.0,1.0,5.0,83.3,0.7,2.0,22.0,6.0,22.7,0.0,Eintracht Frankfurt,33.0
Tobias Sippel,3.0,1.0,2.0,66.7,0.1,8.0,42.0,4.0,28.6,0.0,Mönchengladbach,33.0
Manuel Neuer,5.0,2.0,3.0,60.0,1.5,5.0,45.0,7.0,15.6,2.0,Bayern Munich,33.0
Florian Müller,6.0,2.0,3.0,66.7,1.6,10.0,20.0,4.0,70.0,1.0,Stuttgart,33.0
Péter Gulácsi,1.0,0.0,1.0,100.0,0.4,4.0,38.0,5.0,15.8,2.0,RB Leipzig,33.0
Philipp Tschauner,0.0,0.0,0.0,0.0,0.0,0.0,5.0,0.0,40.0,0.0,RB Leipzig,33.0
Rafał Gikiewicz,7.0,4.0,4.0,57.1,3.8,4.0,22.0,3.0,22.7,0.0,Augsburg,33.0
Koen Casteels,7.0,2.0,5.0,71.4,1.6,14.0,37.0,8.0,40.5,0.0,Wolfsburg,34.0
Manuel Neuer,2.0,2.0,0.0,0.0,1.3,5.0,28.0,0.0,25.0,0.0,Bayern Munich,34.0
Christian Früchtl,0.0,0.0,0.0,0.0,0.0,0.0,3.0,0.0,0.0,0.0,Bayern Munich,34.0
Florian Müller,2.0,1.0,1.0,50.0,0.9,6.0,15.0,6.0,33.3,0.0,Stuttgart,34.0
Marvin Schwäbe,11.0,2.0,8.0,81.8,3.2,4.0,56.0,7.0,23.2,3.0,Köln,34.0
Andrey Lunyov,2.0,1.0,1.0,50.0,1.0,4.0,43.0,5.0,11.6,2.0,Bayer Leverkusen,34.0
Mark Flekken,4.0,2.0,1.0,50.0,1.3,7.0,23.0,2.0,47.8,0.0,Freiburg,34.0
Roman Bürki,0.0,1.0,0.0,0.0,0.9,2.0,20.0,3.0,35.0,1.0,Dortmund,34.0
Marcel Lotka,1.0,2.0,0.0,0.0,1.6,7.0,25.0,2.0,88.0,1.0,Hertha BSC,34.0
Finn Dahmen,4.0,2.0,2.0,50.0,1.4,2.0,27.0,3.0,18.5,1.0,Mainz 05,34.0
Kevin Trapp,3.0,2.0,1.0,33.3,1.0,3.0,35.0,5.0,34.3,2.0,Eintracht Frankfurt,34.0
Yann Sommer,2.0,1.0,1.0,50.0,0.8,6.0,31.0,5.0,22.6,1.0,Mönchengladbach,34.0
Oliver Baumann,8.0,5.0,4.0,50.0,3.4,1.0,25.0,4.0,20.0,1.0,Hoffenheim,34.0
Andreas Luthe,3.0,2.0,1.0,33.3,0.9,8.0,41.0,4.0,61.0,1.0,Union Berlin,34.0
Michael Esser,10.0,3.0,8.0,80.0,2.5,7.0,40.0,3.0,37.5,1.0,Bochum,34.0
Rafał Gikiewicz,4.0,1.0,3.0,75.0,1.3,7.0,22.0,4.0,40.9,1.0,Augsburg,34.0
Sascha Burchert,2.0,2.0,1.0,50.0,1.2,6.0,44.0,3.0,56.8,2.0,Greuther Fürth,34.0
Stefan Ortega,10.0,1.0,9.0,90.0,2.4,13.0,63.0,9.0,38.1,0.0,Arminia,34.0
Péter Gulácsi,4.0,1.0,3.0,75.0,1.4,8.0,33.0,4.0,27.3,0.0,RB Leipzig,34.0
