player,minutes,age,gk_shots_on_target_against,gk_goals_against,gk_saves,gk_save_pct,gk_psxg,gk_passes_completed_launched,gk_passes,gk_passes_throws,gk_pct_passes_launched,gk_def_actions_outside_pen_area,Team,matchweek,date,position
Alisson,38.0,26-311,2.0,0.0,2.0,100.0,0.2,2.0,9.0,1.0,22.2,1.0,Liverpool,1.0,2019-08-09,GK
Adrián,52.0,32-218,4.0,1.0,3.0,75.0,1.0,4.0,17.0,1.0,35.3,0.0,Liverpool,1.0,2019-08-09,GK
Tim Krul,90.0,31-128,7.0,4.0,3.0,42.9,1.6,8.0,39.0,6.0,53.8,0.0,Norwich City,1.0,2019-08-09,GK
Łukasz Fabiański,90.0,34-114,8.0,5.0,4.0,50.0,3.9,12.0,28.0,7.0,57.1,0.0,West Ham United,1.0,2019-08-10,GK
Ederson,90.0,25-358,3.0,0.0,3.0,100.0,1.2,1.0,32.0,7.0,9.4,1.0,Manchester City,1.0,2019-08-10,GK
Vicente Guaita,90.0,32-212,2.0,0.0,2.0,100.0,0.3,4.0,15.0,2.0,46.7,0.0,Crystal Palace,1.0,2019-08-10,GK
Jordan Pickford,90.0,25-156,2.0,0.0,2.0,100.0,0.2,4.0,30.0,2.0,36.7,0.0,Everton,1.0,2019-08-10,GK
Aaron Ramsdale,90.0,21-088,3.0,1.0,2.0,66.7,1.1,1.0,16.0,5.0,31.3,1.0,Bournemouth,1.0,2019-08-10,GK
Dean Henderson,90.0,22-151,3.0,1.0,2.0,66.7,0.9,3.0,23.0,2.0,73.9,0.0,Sheffield United,1.0,2019-08-10,GK
Nick Pope,90.0,27-113,3.0,0.0,3.0,100.0,0.7,9.0,31.0,4.0,74.2,2.0,Burnley,1.0,2019-08-10,GK
Angus Gunn,90.0,23-200,4.0,3.0,1.0,25.0,1.2,5.0,20.0,1.0,85.0,1.0,Southampton,1.0,2019-08-10,GK
Ben Foster,90.0,36-129,3.0,3.0,1.0,0.0,1.0,6.0,17.0,2.0,64.7,0.0,Watford,1.0,2019-08-10,GK
Mathew Ryan,90.0,27-124,3.0,0.0,3.0,100.0,0.6,5.0,31.0,6.0,38.7,0.0,Brighton & Hove Albion,1.0,2019-08-10,GK
Hugo Lloris,90.0,32-227,4.0,1.0,3.0,75.0,1.1,1.0,8.0,3.0,0.0,0.0,Tottenham Hotspur,1.0,2019-08-10,GK
Tom Heaton,90.0,33-117,7.0,3.0,4.0,57.1,3.2,7.0,22.0,2.0,68.2,1.0,Aston Villa,1.0,2019-08-10,GK
Kasper Schmeichel,90.0,32-279,2.0,0.0,2.0,100.0,0.3,5.0,17.0,2.0,23.5,0.0,Leicester City,1.0,2019-08-11,GK
Rui Patrício,90.0,31-177,1.0,0.0,1.0,100.0,0.2,11.0,14.0,1.0,78.6,0.0,Wolverhampton Wanderers,1.0,2019-08-11,GK
Martin Dúbravka,90.0,30-208,2.0,1.0,1.0,50.0,0.8,12.0,17.0,1.0,76.5,1.0,Newcastle United,1.0,2019-08-11,GK
Bernd Leno,90.0,27-160,2.0,0.0,2.0,100.0,0.2,3.0,29.0,12.0,13.8,3.0,Arsenal,1.0,2019-08-11,GK
David de Gea,90.0,28-277,7.0,0.0,7.0,100.0,0.5,4.0,20.0,5.0,25.0,0.0,Manchester United,1.0,2019-08-11,GK
Kepa Arrizabalaga,90.0,24-312,4.0,4.0,1.0,25.0,3.3,6.0,22.0,2.0,40.9,0.0,Chelsea,1.0,2019-08-11,GK
Bernd Leno,90.0,27-166,4.0,1.0,3.0,75.0,1.7,1.0,22.0,9.0,13.6,0.0,Arsenal,2.0,2019-08-17,GK
Nick Pope,90.0,27-120,9.0,2.0,7.0,77.8,1.0,9.0,22.0,2.0,77.3,3.0,Burnley,2.0,2019-08-17,GK
Mathew Ryan,90.0,27-131,3.0,1.0,2.0,66.7,0.5,5.0,25.0,6.0,28.0,1.0,Brighton & Hove Albion,2.0,2019-08-17,GK
Łukasz Fabiański,90.0,34-121,4.0,1.0,3.0,75.0,1.0,5.0,21.0,2.0,85.7,2.0,West Ham United,2.0,2019-08-17,GK
Tim Krul,90.0,31-136,3.0,1.0,2.0,66.7,1.2,6.0,35.0,6.0,34.3,0.0,Norwich City,2.0,2019-08-17,GK
Martin Dúbravka,90.0,30-214,8.0,3.0,5.0,62.5,2.2,5.0,19.0,4.0,52.6,1.0,Newcastle United,2.0,2019-08-17,GK
Tom Heaton,90.0,33-124,3.0,2.0,2.0,66.7,1.4,4.0,17.0,2.0,47.1,0.0,Aston Villa,2.0,2019-08-17,GK
Aaron Ramsdale,90.0,21-095,7.0,1.0,6.0,85.7,1.5,10.0,30.0,3.0,80.0,0.0,Bournemouth,2.0,2019-08-17,GK
Jordan Pickford,90.0,25-163,2.0,0.0,2.0,100.0,0.6,9.0,31.0,9.0,54.8,0.0,Everton,2.0,2019-08-17,GK
Ben Foster,90.0,36-136,2.0,1.0,1.0,50.0,0.8,7.0,25.0,1.0,72.0,1.0,Watford,2.0,2019-08-17,GK
Angus Gunn,90.0,23-207,5.0,2.0,3.0,60.0,1.6,8.0,14.0,2.0,92.9,1.0,Southampton,2.0,2019-08-17,GK
Adrián,90.0,32-226,3.0,1.0,2.0,66.7,1.3,8.0,26.0,6.0,38.5,0.0,Liverpool,2.0,2019-08-17,GK
Ederson,90.0,26-000,2.0,2.0,0.0,0.0,1.0,6.0,34.0,5.0,20.6,1.0,Manchester City,2.0,2019-08-17,GK
Hugo Lloris,90.0,32-234,8.0,2.0,6.0,75.0,2.1,6.0,42.0,8.0,33.3,0.0,Tottenham Hotspur,2.0,2019-08-17,GK
Dean Henderson,90.0,22-159,4.0,0.0,4.0,100.0,0.6,7.0,23.0,5.0,56.5,0.0,Sheffield United,2.0,2019-08-18,GK
Vicente Guaita,90.0,32-220,3.0,1.0,2.0,66.7,1.6,4.0,28.0,4.0,39.3,3.0,Crystal Palace,2.0,2019-08-18,GK
Kepa Arrizabalaga,90.0,24-319,4.0,1.0,3.0,75.0,1.0,7.0,26.0,6.0,50.0,2.0,Chelsea,2.0,2019-08-18,GK
Kasper Schmeichel,90.0,32-286,5.0,1.0,4.0,80.0,0.6,8.0,30.0,5.0,30.0,0.0,Leicester City,2.0,2019-08-18,GK
Rui Patrício,90.0,31-185,1.0,1.0,0.0,0.0,1.4,5.0,16.0,0.0,68.8,0.0,Wolverhampton Wanderers,2.0,2019-08-19,GK
David de Gea,90.0,28-285,2.0,1.0,1.0,50.0,0.7,5.0,24.0,8.0,20.8,0.0,Manchester United,2.0,2019-08-19,GK
Tom Heaton,90.0,33-130,0.0,0.0,0.0,0.0,0.0,8.0,25.0,2.0,60.0,0.0,Aston Villa,3.0,2019-08-23,GK
Jordan Pickford,90.0,25-169,3.0,2.0,1.0,33.3,1.1,6.0,27.0,8.0,40.7,0.0,Everton,3.0,2019-08-23,GK
Tim Krul,90.0,31-143,8.0,3.0,5.0,62.5,1.5,5.0,31.0,4.0,51.6,1.0,Norwich City,3.0,2019-08-24,GK
Kepa Arrizabalaga,90.0,24-325,5.0,2.0,3.0,60.0,1.4,1.0,26.0,4.0,19.2,1.0,Chelsea,3.0,2019-08-24,GK
Mathew Ryan,90.0,27-138,4.0,2.0,2.0,50.0,1.4,6.0,30.0,7.0,36.7,1.0,Brighton & Hove Albion,3.0,2019-08-24,GK
Angus Gunn,90.0,23-214,3.0,0.0,3.0,100.0,0.3,5.0,18.0,6.0,55.6,1.0,Southampton,3.0,2019-08-24,GK
Ben Foster,90.0,36-143,9.0,3.0,6.0,77.8,3.9,7.0,24.0,10.0,33.3,1.0,Watford,3.0,2019-08-24,GK
Łukasz Fabiański,90.0,34-128,3.0,1.0,2.0,66.7,0.8,10.0,20.0,9.0,60.0,0.0,West Ham United,3.0,2019-08-24,GK
David de Gea,90.0,28-290,3.0,2.0,1.0,33.3,1.1,2.0,9.0,3.0,22.2,0.0,Manchester United,3.0,2019-08-24,GK
Vicente Guaita,90.0,32-226,3.0,1.0,2.0,66.7,0.9,13.0,19.0,0.0,89.5,0.0,Crystal Palace,3.0,2019-08-24,GK
Dean Henderson,90.0,22-165,3.0,2.0,1.0,33.3,0.5,4.0,15.0,2.0,93.3,0.0,Sheffield United,3.0,2019-08-24,GK
Kasper Schmeichel,90.0,32-292,3.0,1.0,2.0,66.7,1.2,5.0,28.0,4.0,28.6,0.0,Leicester City,3.0,2019-08-24,GK
Adrián,90.0,32-233,3.0,1.0,2.0,66.7,1.0,6.0,17.0,4.0,41.2,2.0,Liverpool,3.0,2019-08-24,GK
Bernd Leno,90.0,27-173,4.0,3.0,2.0,50.0,2.4,1.0,22.0,8.0,9.1,1.0,Arsenal,3.0,2019-08-24,GK
Aaron Ramsdale,90.0,21-103,5.0,3.0,2.0,40.0,1.9,12.0,27.0,2.0,92.6,0.0,Bournemouth,3.0,2019-08-25,GK
Ederson,90.0,26-008,7.0,1.0,6.0,85.7,2.7,2.0,22.0,10.0,9.1,2.0,Manchester City,3.0,2019-08-25,GK
Hugo Lloris,90.0,32-242,3.0,1.0,2.0,66.7,0.7,4.0,19.0,6.0,21.1,0.0,Tottenham Hotspur,3.0,2019-08-25,GK
Martin Dúbravka,90.0,30-222,2.0,0.0,2.0,100.0,0.1,5.0,16.0,2.0,93.8,0.0,Newcastle United,3.0,2019-08-25,GK
Rui Patrício,90.0,31-191,2.0,1.0,1.0,50.0,0.8,5.0,20.0,5.0,50.0,0.0,Wolverhampton Wanderers,3.0,2019-08-25,GK
Nick Pope,90.0,27-128,1.0,1.0,1.0,100.0,0.8,6.0,25.0,4.0,84.0,1.0,Burnley,3.0,2019-08-25,GK
Angus Gunn,90.0,23-221,8.0,1.0,7.0,87.5,1.8,5.0,19.0,4.0,57.9,1.0,Southampton,4.0,2019-08-31,GK
David de Gea,90.0,28-297,2.0,1.0,1.0,50.0,0.7,2.0,16.0,6.0,25.0,0.0,Manchester United,4.0,2019-08-31,GK
Kasper Schmeichel,90.0,32-299,2.0,1.0,1.0,50.0,0.8,3.0,28.0,3.0,35.7,1.0,Leicester City,4.0,2019-08-31,GK
Aaron Ramsdale,90.0,21-109,5.0,3.0,2.0,40.0,2.6,3.0,21.0,8.0,42.9,0.0,Bournemouth,4.0,2019-08-31,GK
Vicente Guaita,90.0,32-233,2.0,0.0,2.0,100.0,0.1,4.0,23.0,8.0,47.8,1.0,Crystal Palace,4.0,2019-08-31,GK
Tom Heaton,90.0,33-138,5.0,1.0,4.0,80.0,0.6,7.0,23.0,3.0,52.2,0.0,Aston Villa,4.0,2019-08-31,GK
Ederson,90.0,26-014,2.0,0.0,2.0,100.0,0.3,4.0,27.0,8.0,25.9,2.0,Manchester City,4.0,2019-08-31,GK
Mathew Ryan,90.0,27-145,6.0,4.0,2.0,33.3,2.4,4.0,29.0,4.0,20.7,0.0,Brighton & Hove Albion,4.0,2019-08-31,GK
Kepa Arrizabalaga,90.0,24-332,2.0,2.0,1.0,0.0,0.5,3.0,33.0,5.0,15.2,2.0,Chelsea,4.0,2019-08-31,GK
Dean Henderson,90.0,22-172,5.0,2.0,3.0,60.0,1.9,7.0,33.0,4.0,60.6,0.0,Sheffield United,4.0,2019-08-31,GK
Łukasz Fabiański,90.0,34-135,3.0,0.0,3.0,100.0,0.2,16.0,23.0,4.0,73.9,0.0,West Ham United,4.0,2019-08-31,GK
Tim Krul,90.0,31-150,7.0,2.0,5.0,71.4,1.8,1.0,21.0,7.0,23.8,0.0,Norwich City,4.0,2019-08-31,GK
Martin Dúbravka,90.0,30-228,3.0,1.0,2.0,66.7,1.3,2.0,9.0,2.0,44.4,0.0,Newcastle United,4.0,2019-08-31,GK
Ben Foster,90.0,36-150,4.0,1.0,3.0,75.0,0.7,7.0,36.0,7.0,66.7,0.0,Watford,4.0,2019-08-31,GK
Nick Pope,90.0,27-134,6.0,3.0,3.0,50.0,2.4,8.0,31.0,6.0,77.4,1.0,Burnley,4.0,2019-08-31,GK
Adrián,90.0,32-240,2.0,0.0,2.0,100.0,0.8,7.0,38.0,8.0,50.0,0.0,Liverpool,4.0,2019-08-31,GK
Jordan Pickford,90.0,25-178,5.0,2.0,3.0,60.0,1.9,15.0,35.0,5.0,71.4,0.0,Everton,4.0,2019-09-01,GK
Rui Patrício,90.0,31-198,6.0,3.0,3.0,50.0,2.2,7.0,8.0,1.0,75.0,0.0,Wolverhampton Wanderers,4.0,2019-09-01,GK
Bernd Leno,90.0,27-181,8.0,2.0,7.0,87.5,2.9,3.0,23.0,10.0,39.1,0.0,Arsenal,4.0,2019-09-01,GK
Hugo Lloris,90.0,32-249,8.0,2.0,6.0,75.0,1.9,13.0,28.0,3.0,67.9,0.0,Tottenham Hotspur,4.0,2019-09-01,GK
Adrián,90.0,32-254,1.0,1.0,0.0,0.0,0.6,2.0,18.0,4.0,16.7,0.0,Liverpool,5.0,2019-09-14,GK
Martin Dúbravka,90.0,30-242,8.0,3.0,5.0,62.5,3.8,6.0,15.0,3.0,73.3,0.0,Newcastle United,5.0,2019-09-14,GK
Rui Patrício,90.0,31-211,6.0,5.0,1.0,16.7,3.2,5.0,11.0,3.0,36.4,1.0,Wolverhampton Wanderers,5.0,2019-09-14,GK
Kepa Arrizabalaga,90.0,24-346,4.0,2.0,3.0,50.0,1.0,9.0,37.0,7.0,32.4,0.0,Chelsea,5.0,2019-09-14,GK
Hugo Lloris,90.0,32-262,7.0,0.0,7.0,100.0,0.8,4.0,21.0,6.0,23.8,0.0,Tottenham Hotspur,5.0,2019-09-14,GK
Vicente Guaita,90.0,32-247,5.0,4.0,2.0,20.0,1.6,7.0,30.0,6.0,50.0,0.0,Crystal Palace,5.0,2019-09-14,GK
Mathew Ryan,90.0,27-159,1.0,1.0,0.0,0.0,0.3,5.0,25.0,1.0,52.0,0.0,Brighton & Hove Albion,5.0,2019-09-14,GK
Nick Pope,90.0,27-148,5.0,1.0,4.0,80.0,1.0,6.0,26.0,3.0,76.9,4.0,Burnley,5.0,2019-09-14,GK
Dean Henderson,90.0,22-186,7.0,1.0,6.0,85.7,2.1,4.0,22.0,7.0,68.2,0.0,Sheffield United,5.0,2019-09-14,GK
Angus Gunn,90.0,23-235,4.0,0.0,4.0,100.0,0.5,5.0,21.0,3.0,47.6,0.0,Southampton,5.0,2019-09-14,GK
David de Gea,90.0,28-311,3.0,0.0,3.0,100.0,0.6,5.0,15.0,2.0,66.7,0.0,Manchester United,5.0,2019-09-14,GK
Kasper Schmeichel,90.0,32-313,4.0,1.0,4.0,100.0,1.1,10.0,28.0,3.0,46.4,0.0,Leicester City,5.0,2019-09-14,GK
Tim Krul,90.0,31-164,8.0,2.0,6.0,75.0,1.9,2.0,30.0,5.0,56.7,0.0,Norwich City,5.0,2019-09-14,GK
Ederson,90.0,26-028,3.0,3.0,0.0,0.0,2.2,4.0,19.0,3.0,21.1,3.0,Manchester City,5.0,2019-09-14,GK
Aaron Ramsdale,90.0,21-124,5.0,1.0,4.0,80.0,1.6,7.0,24.0,6.0,50.0,1.0,Bournemouth,5.0,2019-09-15,GK
Jordan Pickford,90.0,25-192,5.0,3.0,2.0,40.0,2.0,12.0,35.0,4.0,71.4,2.0,Everton,5.0,2019-09-15,GK
Ben Foster,90.0,36-165,4.0,2.0,2.0,50.0,1.7,7.0,8.0,5.0,62.5,1.0,Watford,5.0,2019-09-15,GK
Bernd Leno,90.0,27-195,9.0,2.0,8.0,88.9,2.1,1.0,16.0,8.0,18.8,0.0,Arsenal,5.0,2019-09-15,GK
Tom Heaton,90.0,33-154,1.0,0.0,1.0,100.0,0.0,2.0,17.0,4.0,41.2,0.0,Aston Villa,5.0,2019-09-16,GK
Łukasz Fabiański,90.0,34-151,4.0,0.0,4.0,100.0,0.3,13.0,24.0,4.0,70.8,0.0,West Ham United,5.0,2019-09-16,GK
Angus Gunn,90.0,23-241,3.0,3.0,0.0,0.0,2.5,1.0,14.0,2.0,35.7,2.0,Southampton,6.0,2019-09-20,GK
Aaron Ramsdale,90.0,21-129,6.0,1.0,6.0,100.0,2.0,6.0,19.0,6.0,52.6,1.0,Bournemouth,6.0,2019-09-20,GK
Kasper Schmeichel,90.0,32-320,5.0,1.0,4.0,80.0,1.0,12.0,28.0,9.0,57.1,0.0,Leicester City,6.0,2019-09-21,GK
Paulo Gazzaniga,90.0,27-262,7.0,2.0,5.0,71.4,2.1,1.0,15.0,3.0,33.3,1.0,Tottenham Hotspur,6.0,2019-09-21,GK
Nick Pope,90.0,27-155,2.0,0.0,2.0,100.0,0.5,5.0,11.0,3.0,63.6,2.0,Burnley,6.0,2019-09-21,GK
Tim Krul,90.0,31-171,6.0,2.0,4.0,66.7,2.9,6.0,35.0,6.0,51.4,0.0,Norwich City,6.0,2019-09-21,GK
Ederson,90.0,26-035,4.0,0.0,4.0,100.0,0.5,2.0,28.0,6.0,7.1,1.0,Manchester City,6.0,2019-09-21,GK
Ben Foster,90.0,36-171,11.0,8.0,4.0,36.4,6.3,3.0,28.0,5.0,67.9,0.0,Watford,6.0,2019-09-21,GK
Jordan Pickford,90.0,25-198,1.0,2.0,0.0,-100.0,0.1,6.0,23.0,3.0,34.8,0.0,Everton,6.0,2019-09-21,GK
Dean Henderson,90.0,22-193,3.0,0.0,3.0,100.0,0.4,8.0,16.0,4.0,81.3,0.0,Sheffield United,6.0,2019-09-21,GK
Martin Dúbravka,90.0,30-249,2.0,0.0,2.0,100.0,0.6,5.0,19.0,3.0,63.2,0.0,Newcastle United,6.0,2019-09-21,GK
Mathew Ryan,90.0,27-166,4.0,0.0,4.0,100.0,1.2,7.0,43.0,13.0,23.3,1.0,Brighton & Hove Albion,6.0,2019-09-21,GK
Vicente Guaita,90.0,32-255,4.0,1.0,3.0,75.0,1.3,4.0,19.0,2.0,63.2,0.0,Crystal Palace,6.0,2019-09-22,GK
Rui Patrício,90.0,31-219,4.0,1.0,4.0,75.0,0.5,2.0,19.0,5.0,26.3,0.0,Wolverhampton Wanderers,6.0,2019-09-22,GK
Łukasz Fabiański,90.0,34-157,4.0,0.0,4.0,100.0,0.5,5.0,21.0,1.0,81.0,0.0,West Ham United,6.0,2019-09-22,GK
David de Gea,90.0,28-319,6.0,2.0,4.0,66.7,1.6,3.0,13.0,5.0,23.1,0.0,Manchester United,6.0,2019-09-22,GK
Bernd Leno,90.0,27-202,9.0,2.0,7.0,77.8,1.9,2.0,25.0,10.0,36.0,1.0,Arsenal,6.0,2019-09-22,GK
Tom Heaton,90.0,33-160,4.0,3.0,2.0,50.0,2.2,6.0,16.0,7.0,62.5,0.0,Aston Villa,6.0,2019-09-22,GK
Kepa Arrizabalaga,90.0,24-354,3.0,2.0,1.0,33.3,1.7,8.0,31.0,5.0,51.6,0.0,Chelsea,6.0,2019-09-22,GK
Adrián,90.0,32-262,2.0,1.0,1.0,50.0,0.9,5.0,25.0,4.0,52.0,0.0,Liverpool,6.0,2019-09-22,GK
Dean Henderson,90.0,22-200,4.0,1.0,3.0,75.0,1.3,6.0,20.0,2.0,85.0,0.0,Sheffield United,7.0,2019-09-28,GK
Adrián,90.0,32-268,2.0,0.0,2.0,100.0,0.1,8.0,27.0,6.0,48.1,2.0,Liverpool,7.0,2019-09-28,GK
Aaron Ramsdale,90.0,21-137,6.0,2.0,4.0,66.7,1.4,0.0,25.0,7.0,36.0,0.0,Bournemouth,7.0,2019-09-28,GK
Łukasz Fabiański,33.0,34-163,1.0,1.0,0.0,0.0,0.5,3.0,9.0,1.0,77.8,0.0,West Ham United,7.0,2019-09-28,GK
Roberto,57.0,33-230,4.0,1.0,3.0,75.0,1.8,1.0,18.0,1.0,88.9,0.0,West Ham United,7.0,2019-09-28,GK
Rui Patrício,90.0,31-225,5.0,0.0,5.0,100.0,0.8,3.0,8.0,4.0,37.5,0.0,Wolverhampton Wanderers,7.0,2019-09-28,GK
Ben Foster,90.0,36-178,2.0,2.0,1.0,0.0,1.0,4.0,22.0,3.0,45.5,2.0,Watford,7.0,2019-09-28,GK
Tom Heaton,90.0,33-166,3.0,2.0,1.0,33.3,1.2,3.0,14.0,3.0,42.9,2.0,Aston Villa,7.0,2019-09-28,GK
Nick Pope,90.0,27-162,3.0,2.0,1.0,33.3,1.0,12.0,22.0,2.0,86.4,0.0,Burnley,7.0,2019-09-28,GK
Hugo Lloris,90.0,32-276,6.0,1.0,5.0,83.3,2.7,8.0,27.0,7.0,48.1,2.0,Tottenham Hotspur,7.0,2019-09-28,GK
Angus Gunn,90.0,23-249,4.0,2.0,2.0,50.0,1.4,4.0,9.0,1.0,55.6,1.0,Southampton,7.0,2019-09-28,GK
Vicente Guaita,90.0,32-261,3.0,0.0,3.0,100.0,0.5,6.0,17.0,2.0,82.4,2.0,Crystal Palace,7.0,2019-09-28,GK
Ralf Fährmann,21.0,31-001,1.0,1.0,1.0,100.0,1.1,1.0,7.0,2.0,42.9,0.0,Norwich City,7.0,2019-09-28,GK
Michael McGovern,69.0,35-078,1.0,1.0,0.0,0.0,0.7,3.0,20.0,3.0,60.0,1.0,Norwich City,7.0,2019-09-28,GK
Kepa Arrizabalaga,90.0,24-360,1.0,0.0,1.0,100.0,0.0,1.0,33.0,2.0,15.2,0.0,Chelsea,7.0,2019-09-28,GK
Mathew Ryan,90.0,27-173,9.0,2.0,8.0,88.9,3.3,4.0,39.0,10.0,25.6,0.0,Brighton & Hove Albion,7.0,2019-09-28,GK
Jordan Pickford,90.0,25-205,10.0,3.0,7.0,70.0,3.1,8.0,28.0,2.0,57.1,2.0,Everton,7.0,2019-09-28,GK
Ederson,90.0,26-042,6.0,1.0,5.0,83.3,1.9,3.0,27.0,9.0,29.6,0.0,Manchester City,7.0,2019-09-28,GK
Kasper Schmeichel,90.0,32-328,0.0,0.0,0.0,0.0,0.0,1.0,16.0,3.0,18.8,0.0,Leicester City,7.0,2019-09-29,GK
Martin Dúbravka,90.0,30-257,5.0,5.0,1.0,0.0,2.7,9.0,16.0,4.0,50.0,0.0,Newcastle United,7.0,2019-09-29,GK
David de Gea,90.0,28-327,5.0,1.0,4.0,80.0,2.3,4.0,20.0,7.0,30.0,0.0,Manchester United,7.0,2019-09-30,GK
Bernd Leno,90.0,27-210,4.0,1.0,3.0,75.0,1.5,9.0,24.0,2.0,54.2,0.0,Arsenal,7.0,2019-09-30,GK
Mathew Ryan,90.0,27-180,3.0,0.0,3.0,100.0,0.4,10.0,39.0,8.0,38.5,1.0,Brighton & Hove Albion,8.0,2019-10-05,GK
Hugo Lloris,7.0,32-283,1.0,1.0,0.0,0.0,0.9,0.0,0.0,0.0,0.0,0.0,Tottenham Hotspur,8.0,2019-10-05,GK
Paulo Gazzaniga,83.0,27-276,5.0,2.0,3.0,60.0,1.3,2.0,28.0,7.0,17.9,1.0,Tottenham Hotspur,8.0,2019-10-05,GK
Ben Foster,90.0,36-185,2.0,0.0,2.0,100.0,0.1,9.0,24.0,3.0,83.3,3.0,Watford,8.0,2019-10-05,GK
Dean Henderson,90.0,22-207,2.0,0.0,2.0,100.0,0.5,6.0,21.0,3.0,71.4,1.0,Sheffield United,8.0,2019-10-05,GK
Adrián,90.0,32-275,1.0,1.0,0.0,0.0,0.1,9.0,27.0,6.0,59.3,0.0,Liverpool,8.0,2019-10-05,GK
Kasper Schmeichel,90.0,32-334,7.0,2.0,6.0,85.7,2.7,13.0,31.0,7.0,54.8,2.0,Leicester City,8.0,2019-10-05,GK
Michael McGovern,90.0,35-085,10.0,5.0,5.0,50.0,4.2,6.0,17.0,7.0,47.1,0.0,Norwich City,8.0,2019-10-05,GK
Tom Heaton,90.0,33-173,4.0,1.0,3.0,75.0,1.3,9.0,22.0,5.0,77.3,0.0,Aston Villa,8.0,2019-10-05,GK
Nick Pope,90.0,27-169,2.0,0.0,2.0,100.0,0.4,4.0,19.0,5.0,68.4,1.0,Burnley,8.0,2019-10-05,GK
Jordan Pickford,90.0,25-212,3.0,1.0,2.0,66.7,0.7,8.0,31.0,7.0,51.6,1.0,Everton,8.0,2019-10-05,GK
Roberto,90.0,33-237,2.0,2.0,1.0,50.0,1.6,11.0,20.0,1.0,70.0,1.0,West Ham United,8.0,2019-10-05,GK
Vicente Guaita,90.0,32-268,4.0,1.0,3.0,75.0,1.7,7.0,28.0,1.0,75.0,0.0,Crystal Palace,8.0,2019-10-05,GK
Ederson,90.0,26-050,2.0,2.0,0.0,0.0,1.2,7.0,19.0,2.0,31.6,0.0,Manchester City,8.0,2019-10-06,GK
Rui Patrício,90.0,31-233,2.0,0.0,2.0,100.0,0.2,10.0,17.0,1.0,82.4,0.0,Wolverhampton Wanderers,8.0,2019-10-06,GK
Bernd Leno,90.0,27-216,2.0,0.0,2.0,100.0,0.5,4.0,24.0,2.0,50.0,0.0,Arsenal,8.0,2019-10-06,GK
Aaron Ramsdale,90.0,21-145,2.0,1.0,1.0,50.0,1.0,3.0,18.0,5.0,33.3,1.0,Bournemouth,8.0,2019-10-06,GK
Angus Gunn,90.0,23-257,7.0,4.0,3.0,42.9,2.4,5.0,27.0,2.0,77.8,0.0,Southampton,8.0,2019-10-06,GK
Kepa Arrizabalaga,90.0,25-003,2.0,1.0,1.0,50.0,0.7,6.0,30.0,3.0,40.0,0.0,Chelsea,8.0,2019-10-06,GK
Martin Dúbravka,90.0,30-264,2.0,0.0,2.0,100.0,0.4,9.0,16.0,4.0,68.8,1.0,Newcastle United,8.0,2019-10-06,GK
David de Gea,90.0,28-333,1.0,1.0,0.0,0.0,0.7,3.0,16.0,5.0,12.5,1.0,Manchester United,8.0,2019-10-06,GK
Jordan Pickford,90.0,25-226,4.0,0.0,4.0,100.0,1.2,11.0,24.0,3.0,75.0,1.0,Everton,9.0,2019-10-19,GK
Roberto,90.0,33-251,10.0,2.0,8.0,80.0,2.9,10.0,31.0,7.0,71.0,0.0,West Ham United,9.0,2019-10-19,GK
Rui Patrício,90.0,31-246,5.0,1.0,4.0,80.0,1.3,5.0,15.0,4.0,33.3,1.0,Wolverhampton Wanderers,9.0,2019-10-19,GK
Angus Gunn,90.0,23-270,0.0,1.0,0.0,0.0,0.9,4.0,20.0,3.0,75.0,1.0,Southampton,9.0,2019-10-19,GK
Kepa Arrizabalaga,90.0,25-016,0.0,0.0,0.0,0.0,0.0,3.0,17.0,6.0,5.9,0.0,Chelsea,9.0,2019-10-19,GK
Martin Dúbravka,90.0,30-277,7.0,1.0,6.0,85.7,1.0,10.0,17.0,3.0,64.7,1.0,Newcastle United,9.0,2019-10-19,GK
Tom Heaton,90.0,33-187,6.0,1.0,5.0,83.3,1.6,2.0,16.0,6.0,37.5,0.0,Aston Villa,9.0,2019-10-19,GK
Mathew Ryan,90.0,27-194,8.0,2.0,6.0,75.0,2.0,8.0,27.0,8.0,33.3,0.0,Brighton & Hove Albion,9.0,2019-10-19,GK
Kasper Schmeichel,90.0,32-348,4.0,1.0,3.0,75.0,1.8,6.0,28.0,6.0,32.1,1.0,Leicester City,9.0,2019-10-19,GK
Nick Pope,90.0,27-183,3.0,2.0,1.0,33.3,1.8,8.0,6.0,1.0,50.0,0.0,Burnley,9.0,2019-10-19,GK
Aaron Ramsdale,90.0,21-158,1.0,0.0,1.0,100.0,0.2,7.0,22.0,3.0,40.9,1.0,Bournemouth,9.0,2019-10-19,GK
Tim Krul,90.0,31-199,2.0,0.0,2.0,100.0,0.3,14.0,38.0,2.0,52.6,0.0,Norwich City,9.0,2019-10-19,GK
Paulo Gazzaniga,90.0,27-290,2.0,1.0,1.0,50.0,0.8,4.0,16.0,1.0,18.8,3.0,Tottenham Hotspur,9.0,2019-10-19,GK
Ben Foster,90.0,36-199,3.0,1.0,1.0,66.7,1.0,6.0,31.0,2.0,93.5,1.0,Watford,9.0,2019-10-19,GK
Wayne Hennessey,90.0,32-268,9.0,2.0,7.0,77.8,2.5,9.0,20.0,3.0,80.0,0.0,Crystal Palace,9.0,2019-10-19,GK
Ederson,90.0,26-063,2.0,0.0,1.0,100.0,0.1,6.0,20.0,1.0,30.0,0.0,Manchester City,9.0,2019-10-19,GK
David de Gea,90.0,28-347,4.0,1.0,3.0,75.0,1.4,4.0,22.0,7.0,59.1,0.0,Manchester United,9.0,2019-10-20,GK
Alisson,90.0,27-018,2.0,1.0,1.0,50.0,0.7,6.0,33.0,5.0,18.2,0.0,Liverpool,9.0,2019-10-20,GK
Dean Henderson,90.0,22-223,3.0,0.0,3.0,100.0,0.6,10.0,18.0,0.0,94.4,0.0,Sheffield United,9.0,2019-10-21,GK
Bernd Leno,90.0,27-231,2.0,1.0,1.0,50.0,0.7,3.0,32.0,4.0,21.9,0.0,Arsenal,9.0,2019-10-21,GK
Angus Gunn,90.0,23-276,15.0,9.0,7.0,46.7,5.6,4.0,15.0,0.0,100.0,0.0,Southampton,10.0,2019-10-25,GK
Kasper Schmeichel,90.0,32-354,3.0,0.0,3.0,100.0,0.3,4.0,15.0,6.0,26.7,0.0,Leicester City,10.0,2019-10-25,GK
Ederson,90.0,26-070,5.0,0.0,4.0,100.0,0.5,6.0,23.0,5.0,30.4,0.0,Manchester City,10.0,2019-10-26,GK
Tom Heaton,90.0,33-194,10.0,3.0,7.0,70.0,1.8,10.0,27.0,6.0,37.0,1.0,Aston Villa,10.0,2019-10-26,GK
Roberto,90.0,33-258,4.0,1.0,3.0,75.0,1.5,3.0,25.0,1.0,72.0,1.0,West Ham United,10.0,2019-10-26,GK
Dean Henderson,90.0,22-228,4.0,1.0,3.0,75.0,1.1,5.0,20.0,2.0,85.0,0.0,Sheffield United,10.0,2019-10-26,GK
Ben Foster,90.0,36-206,5.0,0.0,5.0,100.0,1.2,7.0,28.0,4.0,78.6,0.0,Watford,10.0,2019-10-26,GK
Aaron Ramsdale,90.0,21-165,3.0,0.0,3.0,100.0,0.3,4.0,31.0,11.0,29.0,0.0,Bournemouth,10.0,2019-10-26,GK
Mathew Ryan,90.0,27-201,6.0,2.0,5.0,66.7,0.9,3.0,44.0,12.0,13.6,0.0,Brighton & Hove Albion,10.0,2019-10-26,GK
Jordan Pickford,90.0,25-233,3.0,3.0,2.0,33.3,1.5,5.0,34.0,6.0,50.0,0.0,Everton,10.0,2019-10-26,GK
Nick Pope,90.0,27-190,7.0,4.0,3.0,42.9,2.3,6.0,23.0,4.0,69.6,0.0,Burnley,10.0,2019-10-26,GK
Kepa Arrizabalaga,90.0,25-023,5.0,2.0,3.0,60.0,1.0,7.0,25.0,4.0,36.0,0.0,Chelsea,10.0,2019-10-26,GK
Martin Dúbravka,90.0,30-285,5.0,1.0,4.0,80.0,1.2,9.0,24.0,1.0,45.8,0.0,Newcastle United,10.0,2019-10-27,GK
Rui Patrício,90.0,31-254,2.0,1.0,1.0,50.0,0.5,4.0,9.0,5.0,33.3,0.0,Wolverhampton Wanderers,10.0,2019-10-27,GK
Bernd Leno,90.0,27-237,3.0,2.0,2.0,66.7,1.8,1.0,16.0,5.0,31.3,1.0,Arsenal,10.0,2019-10-27,GK
Wayne Hennessey,90.0,32-276,6.0,2.0,4.0,66.7,2.8,13.0,23.0,1.0,82.6,0.0,Crystal Palace,10.0,2019-10-27,GK
Alisson,90.0,27-025,4.0,1.0,3.0,75.0,1.2,6.0,28.0,3.0,39.3,1.0,Liverpool,10.0,2019-10-27,GK
Paulo Gazzaniga,90.0,27-298,12.0,2.0,11.0,91.7,3.6,5.0,25.0,5.0,56.0,0.0,Tottenham Hotspur,10.0,2019-10-27,GK
Tim Krul,90.0,31-207,9.0,3.0,6.0,66.7,4.9,4.0,21.0,4.0,47.6,1.0,Norwich City,10.0,2019-10-27,GK
David de Gea,90.0,28-354,3.0,1.0,2.0,66.7,0.8,5.0,13.0,1.0,53.8,0.0,Manchester United,10.0,2019-10-27,GK
Aaron Ramsdale,90.0,21-172,4.0,0.0,4.0,100.0,0.1,6.0,26.0,3.0,65.4,2.0,Bournemouth,11.0,2019-11-02,GK
David de Gea,90.0,28-360,6.0,1.0,5.0,83.3,1.4,2.0,19.0,1.0,73.7,0.0,Manchester United,11.0,2019-11-02,GK
Dean Henderson,90.0,22-235,1.0,0.0,1.0,100.0,0.3,4.0,31.0,2.0,90.3,0.0,Sheffield United,11.0,2019-11-02,GK
Nick Pope,90.0,27-197,5.0,3.0,2.0,40.0,2.4,9.0,31.0,7.0,64.5,1.0,Burnley,11.0,2019-11-02,GK
Ederson,90.0,26-077,3.0,1.0,2.0,66.7,0.9,5.0,22.0,2.0,31.8,4.0,Manchester City,11.0,2019-11-02,GK
Alex McCarthy,90.0,29-334,4.0,2.0,2.0,50.0,1.5,8.0,21.0,1.0,85.7,0.0,Southampton,11.0,2019-11-02,GK
Bernd Leno,90.0,27-243,8.0,1.0,7.0,87.5,1.1,3.0,24.0,6.0,33.3,0.0,Arsenal,11.0,2019-11-02,GK
Rui Patrício,90.0,31-260,4.0,1.0,3.0,75.0,2.4,8.0,14.0,4.0,57.1,0.0,Wolverhampton Wanderers,11.0,2019-11-02,GK
Mathew Ryan,90.0,27-208,0.0,0.0,0.0,0.0,0.0,4.0,32.0,5.0,21.9,1.0,Brighton & Hove Albion,11.0,2019-11-02,GK
Tim Krul,90.0,31-213,5.0,2.0,3.0,60.0,2.1,3.0,22.0,4.0,54.5,0.0,Norwich City,11.0,2019-11-02,GK
Tom Heaton,90.0,33-201,6.0,2.0,4.0,66.7,1.7,12.0,24.0,2.0,83.3,0.0,Aston Villa,11.0,2019-11-02,GK
Alisson,90.0,27-031,2.0,1.0,1.0,50.0,0.4,2.0,12.0,1.0,25.0,2.0,Liverpool,11.0,2019-11-02,GK
Roberto,90.0,33-265,9.0,3.0,6.0,66.7,2.3,3.0,20.0,5.0,35.0,1.0,West Ham United,11.0,2019-11-02,GK
Martin Dúbravka,90.0,30-291,6.0,2.0,4.0,66.7,2.2,9.0,17.0,2.0,88.2,1.0,Newcastle United,11.0,2019-11-02,GK
Ben Foster,90.0,36-213,10.0,2.0,7.0,80.0,3.0,6.0,20.0,5.0,60.0,0.0,Watford,11.0,2019-11-02,GK
Kepa Arrizabalaga,90.0,25-030,2.0,1.0,2.0,100.0,1.2,5.0,28.0,2.0,25.0,0.0,Chelsea,11.0,2019-11-02,GK
Vicente Guaita,90.0,32-297,5.0,2.0,3.0,60.0,1.3,2.0,15.0,6.0,40.0,0.0,Crystal Palace,11.0,2019-11-03,GK
Kasper Schmeichel,90.0,32-363,3.0,0.0,3.0,100.0,0.4,9.0,24.0,6.0,50.0,0.0,Leicester City,11.0,2019-11-03,GK
Jordan Pickford,90.0,25-241,2.0,1.0,1.0,50.0,0.9,15.0,31.0,4.0,64.5,1.0,Everton,11.0,2019-11-03,GK
Paulo Gazzaniga,90.0,27-305,3.0,1.0,2.0,66.7,0.8,4.0,25.0,5.0,24.0,0.0,Tottenham Hotspur,11.0,2019-11-03,GK
Tim Krul,90.0,31-219,2.0,2.0,0.0,0.0,1.3,8.0,29.0,3.0,37.9,0.0,Norwich City,12.0,2019-11-08,GK
Ben Foster,90.0,36-219,5.0,0.0,5.0,100.0,0.4,13.0,22.0,2.0,90.9,2.0,Watford,12.0,2019-11-08,GK
Kepa Arrizabalaga,90.0,25-037,1.0,0.0,1.0,100.0,0.3,3.0,23.0,2.0,17.4,0.0,Chelsea,12.0,2019-11-09,GK
Vicente Guaita,90.0,32-303,6.0,2.0,4.0,66.7,2.9,7.0,16.0,5.0,50.0,0.0,Crystal Palace,12.0,2019-11-09,GK
Alex McCarthy,90.0,29-341,5.0,2.0,3.0,60.0,1.6,5.0,21.0,6.0,42.9,0.0,Southampton,12.0,2019-11-09,GK
Jordan Pickford,90.0,25-247,3.0,1.0,2.0,66.7,1.1,9.0,29.0,0.0,65.5,0.0,Everton,12.0,2019-11-09,GK
Martin Dúbravka,90.0,30-298,3.0,1.0,2.0,66.7,1.5,9.0,24.0,6.0,54.2,1.0,Newcastle United,12.0,2019-11-09,GK
Aaron Ramsdale,90.0,21-179,9.0,2.0,7.0,77.8,2.8,3.0,20.0,11.0,10.0,0.0,Bournemouth,12.0,2019-11-09,GK
Nick Pope,90.0,27-204,4.0,0.0,4.0,100.0,0.5,9.0,22.0,1.0,95.5,0.0,Burnley,12.0,2019-11-09,GK
Roberto,90.0,33-272,11.0,3.0,9.0,72.7,2.6,7.0,39.0,5.0,66.7,1.0,West Ham United,12.0,2019-11-09,GK
Paulo Gazzaniga,90.0,27-311,4.0,1.0,3.0,75.0,0.8,6.0,20.0,3.0,30.0,1.0,Tottenham Hotspur,12.0,2019-11-09,GK
Dean Henderson,90.0,22-242,5.0,1.0,4.0,80.0,0.9,5.0,17.0,4.0,88.2,0.0,Sheffield United,12.0,2019-11-09,GK
Kasper Schmeichel,90.0,33-004,1.0,0.0,1.0,100.0,0.1,5.0,17.0,5.0,47.1,1.0,Leicester City,12.0,2019-11-09,GK
Bernd Leno,90.0,27-250,7.0,2.0,5.0,71.4,1.4,3.0,32.0,9.0,31.3,1.0,Arsenal,12.0,2019-11-09,GK
David de Gea,90.0,29-003,2.0,1.0,1.0,50.0,0.5,4.0,18.0,3.0,44.4,1.0,Manchester United,12.0,2019-11-10,GK
Mathew Ryan,90.0,27-216,10.0,3.0,8.0,70.0,2.4,5.0,39.0,8.0,28.2,1.0,Brighton & Hove Albion,12.0,2019-11-10,GK
Rui Patrício,90.0,31-268,4.0,1.0,3.0,75.0,0.4,10.0,13.0,2.0,76.9,0.0,Wolverhampton Wanderers,12.0,2019-11-10,GK
Jed Steer,7.0,27-048,0.0,0.0,0.0,0.0,0.0,0.0,1.0,0.0,0.0,0.0,Aston Villa,12.0,2019-11-10,GK
Ørjan Nyland,83.0,29-061,5.0,2.0,3.0,60.0,2.3,6.0,21.0,5.0,38.1,0.0,Aston Villa,12.0,2019-11-10,GK
Alisson,90.0,27-039,3.0,1.0,2.0,66.7,0.7,7.0,46.0,7.0,30.4,0.0,Liverpool,12.0,2019-11-10,GK
Claudio Bravo,90.0,36-211,5.0,3.0,2.0,40.0,1.6,10.0,29.0,2.0,37.9,0.0,Manchester City,12.0,2019-11-10,GK
Roberto,90.0,33-286,7.0,3.0,4.0,57.1,2.2,7.0,21.0,4.0,71.4,0.0,West Ham United,13.0,2019-11-23,GK
Paulo Gazzaniga,90.0,27-325,5.0,2.0,3.0,60.0,1.6,7.0,22.0,1.0,63.6,0.0,Tottenham Hotspur,13.0,2019-11-23,GK
Mathew Ryan,90.0,27-229,8.0,2.0,7.0,87.5,3.7,5.0,25.0,5.0,12.0,0.0,Brighton & Hove Albion,13.0,2019-11-23,GK
Kasper Schmeichel,90.0,33-018,0.0,0.0,0.0,0.0,0.0,4.0,20.0,2.0,55.0,0.0,Leicester City,13.0,2019-11-23,GK
Ben Foster,90.0,36-234,4.0,3.0,2.0,50.0,2.5,8.0,23.0,3.0,78.3,0.0,Watford,13.0,2019-11-23,GK
Nick Pope,90.0,27-218,4.0,0.0,3.0,100.0,0.7,9.0,27.0,2.0,88.9,1.0,Burnley,13.0,2019-11-23,GK
Vicente Guaita,90.0,32-317,4.0,2.0,2.0,50.0,2.3,13.0,36.0,5.0,66.7,0.0,Crystal Palace,13.0,2019-11-23,GK
Alisson,90.0,27-052,6.0,1.0,5.0,83.3,1.2,9.0,25.0,4.0,40.0,0.0,Liverpool,13.0,2019-11-23,GK
Bernd Leno,90.0,27-264,4.0,2.0,2.0,50.0,1.5,5.0,18.0,1.0,22.2,1.0,Arsenal,13.0,2019-11-23,GK
Alex McCarthy,90.0,29-355,5.0,2.0,3.0,60.0,2.4,5.0,24.0,5.0,62.5,1.0,Southampton,13.0,2019-11-23,GK
Jordan Pickford,90.0,25-261,5.0,2.0,3.0,60.0,1.8,10.0,29.0,9.0,51.7,2.0,Everton,13.0,2019-11-23,GK
Tim Krul,90.0,31-234,7.0,0.0,7.0,100.0,0.9,11.0,31.0,8.0,58.1,2.0,Norwich City,13.0,2019-11-23,GK
Aaron Ramsdale,90.0,21-193,7.0,2.0,5.0,71.4,1.6,5.0,25.0,5.0,56.0,2.0,Bournemouth,13.0,2019-11-23,GK
Rui Patrício,90.0,31-281,2.0,1.0,1.0,50.0,0.8,7.0,18.0,3.0,50.0,1.0,Wolverhampton Wanderers,13.0,2019-11-23,GK
Ederson,90.0,26-098,2.0,1.0,1.0,50.0,0.3,6.0,28.0,2.0,32.1,1.0,Manchester City,13.0,2019-11-23,GK
Kepa Arrizabalaga,90.0,25-051,4.0,2.0,2.0,50.0,0.9,5.0,41.0,6.0,29.3,0.0,Chelsea,13.0,2019-11-23,GK
Simon Moore,90.0,29-189,5.0,3.0,2.0,40.0,2.1,3.0,17.0,2.0,82.4,0.0,Sheffield United,13.0,2019-11-24,GK
David de Gea,90.0,29-017,8.0,3.0,5.0,62.5,2.6,5.0,22.0,8.0,22.7,2.0,Manchester United,13.0,2019-11-24,GK
Tom Heaton,90.0,33-224,5.0,0.0,5.0,100.0,0.8,8.0,22.0,10.0,45.5,1.0,Aston Villa,13.0,2019-11-25,GK
Martin Dúbravka,90.0,30-314,8.0,2.0,6.0,75.0,2.7,12.0,26.0,7.0,42.3,1.0,Newcastle United,13.0,2019-11-25,GK
Martin Dúbravka,90.0,30-319,7.0,2.0,5.0,71.4,2.4,8.0,24.0,0.0,91.7,0.0,Newcastle United,14.0,2019-11-30,GK
Ederson,90.0,26-105,3.0,2.0,1.0,33.3,1.3,0.0,21.0,6.0,14.3,3.0,Manchester City,14.0,2019-11-30,GK
Paulo Gazzaniga,90.0,27-332,6.0,2.0,4.0,66.7,1.6,9.0,24.0,2.0,70.8,1.0,Tottenham Hotspur,14.0,2019-11-30,GK
Aaron Ramsdale,90.0,21-200,5.0,3.0,2.0,40.0,2.2,5.0,15.0,2.0,40.0,0.0,Bournemouth,14.0,2019-11-30,GK
Nick Pope,90.0,27-225,2.0,2.0,0.0,0.0,0.2,7.0,23.0,5.0,73.9,2.0,Burnley,14.0,2019-11-30,GK
Vicente Guaita,90.0,32-324,3.0,0.0,3.0,100.0,0.4,6.0,32.0,7.0,56.3,1.0,Crystal Palace,14.0,2019-11-30,GK
Alisson,75.0,27-059,3.0,0.0,3.0,100.0,0.2,7.0,33.0,8.0,36.4,1.0,Liverpool,14.0,2019-11-30,GK
Adrián,13.0,32-331,3.0,1.0,2.0,66.7,0.5,1.0,7.0,0.0,100.0,0.0,Liverpool,14.0,2019-11-30,GK
Mathew Ryan,90.0,27-236,7.0,2.0,5.0,71.4,2.3,4.0,32.0,6.0,15.6,0.0,Brighton & Hove Albion,14.0,2019-11-30,GK
Kepa Arrizabalaga,90.0,25-058,4.0,1.0,3.0,75.0,2.0,3.0,18.0,3.0,27.8,0.0,Chelsea,14.0,2019-11-30,GK
David Martin,90.0,33-312,5.0,0.0,5.0,100.0,1.1,12.0,18.0,3.0,83.3,0.0,West Ham United,14.0,2019-11-30,GK
Alex McCarthy,90.0,29-362,3.0,1.0,2.0,66.7,0.5,7.0,19.0,2.0,57.9,0.0,Southampton,14.0,2019-11-30,GK
Ben Foster,90.0,36-241,5.0,2.0,2.0,60.0,2.2,6.0,25.0,5.0,72.0,4.0,Watford,14.0,2019-11-30,GK
Rui Patrício,90.0,31-289,4.0,1.0,3.0,75.0,1.4,4.0,14.0,8.0,50.0,0.0,Wolverhampton Wanderers,14.0,2019-12-01,GK
Dean Henderson,90.0,22-264,4.0,1.0,3.0,75.0,1.3,7.0,27.0,2.0,74.1,1.0,Sheffield United,14.0,2019-12-01,GK
Tim Krul,90.0,31-242,5.0,2.0,4.0,80.0,2.4,7.0,30.0,4.0,63.3,0.0,Norwich City,14.0,2019-12-01,GK
Bernd Leno,90.0,27-272,8.0,2.0,5.0,75.0,2.5,5.0,21.0,2.0,42.9,0.0,Arsenal,14.0,2019-12-01,GK
Kasper Schmeichel,90.0,33-026,3.0,1.0,2.0,66.7,0.5,3.0,24.0,5.0,20.8,3.0,Leicester City,14.0,2019-12-01,GK
Jordan Pickford,90.0,25-269,6.0,2.0,4.0,66.7,2.3,6.0,23.0,3.0,82.6,3.0,Everton,14.0,2019-12-01,GK
David de Gea,90.0,29-024,3.0,2.0,1.0,33.3,0.7,6.0,23.0,4.0,34.8,1.0,Manchester United,14.0,2019-12-01,GK
Tom Heaton,90.0,33-230,6.0,2.0,5.0,66.7,1.4,7.0,26.0,3.0,80.8,0.0,Aston Villa,14.0,2019-12-01,GK
Vicente Guaita,90.0,32-327,2.0,0.0,2.0,100.0,0.3,5.0,19.0,0.0,84.2,0.0,Crystal Palace,15.0,2019-12-03,GK
Aaron Ramsdale,90.0,21-203,2.0,1.0,1.0,50.0,0.6,3.0,16.0,8.0,37.5,1.0,Bournemouth,15.0,2019-12-03,GK
Nick Pope,90.0,27-228,8.0,4.0,4.0,50.0,3.5,11.0,24.0,3.0,87.5,1.0,Burnley,15.0,2019-12-03,GK
Ederson,90.0,26-108,2.0,1.0,1.0,50.0,0.6,3.0,28.0,6.0,25.0,0.0,Manchester City,15.0,2019-12-03,GK
Rui Patrício,90.0,31-292,3.0,0.0,3.0,100.0,1.7,10.0,17.0,3.0,64.7,0.0,Wolverhampton Wanderers,15.0,2019-12-04,GK
David Martin,90.0,33-316,7.0,2.0,5.0,71.4,3.5,4.0,12.0,2.0,66.7,0.0,West Ham United,15.0,2019-12-04,GK
Alex McCarthy,90.0,30-001,3.0,1.0,2.0,66.7,0.9,8.0,17.0,1.0,76.5,1.0,Southampton,15.0,2019-12-04,GK
Tim Krul,90.0,31-245,5.0,2.0,3.0,60.0,2.1,9.0,52.0,9.0,38.5,2.0,Norwich City,15.0,2019-12-04,GK
Kasper Schmeichel,90.0,33-029,1.0,0.0,1.0,100.0,0.0,6.0,21.0,3.0,33.3,1.0,Leicester City,15.0,2019-12-04,GK
Ben Foster,90.0,36-245,3.0,2.0,2.0,66.7,1.3,8.0,22.0,3.0,95.5,1.0,Watford,15.0,2019-12-04,GK
Kepa Arrizabalaga,90.0,25-062,3.0,1.0,2.0,66.7,0.8,2.0,23.0,7.0,17.4,0.0,Chelsea,15.0,2019-12-04,GK
Tom Heaton,90.0,33-233,9.0,2.0,6.0,77.8,2.0,12.0,19.0,3.0,68.4,0.0,Aston Villa,15.0,2019-12-04,GK
David de Gea,90.0,29-027,5.0,1.0,4.0,80.0,0.8,3.0,22.0,6.0,50.0,0.0,Manchester United,15.0,2019-12-04,GK
Paulo Gazzaniga,90.0,27-336,6.0,2.0,4.0,83.3,2.1,2.0,19.0,2.0,47.4,0.0,Tottenham Hotspur,15.0,2019-12-04,GK
Adrián,90.0,32-335,4.0,2.0,2.0,50.0,1.7,4.0,29.0,8.0,31.0,1.0,Liverpool,15.0,2019-12-04,GK
Jordan Pickford,90.0,25-272,5.0,5.0,0.0,0.0,3.0,4.0,21.0,5.0,61.9,0.0,Everton,15.0,2019-12-04,GK
Dean Henderson,90.0,22-268,4.0,2.0,2.0,50.0,1.7,4.0,22.0,7.0,40.9,1.0,Sheffield United,15.0,2019-12-05,GK
Martin Dúbravka,90.0,30-324,7.0,0.0,7.0,100.0,2.6,9.0,20.0,4.0,70.0,1.0,Newcastle United,15.0,2019-12-05,GK
Bernd Leno,90.0,27-276,9.0,2.0,7.0,77.8,2.4,1.0,31.0,10.0,25.8,0.0,Arsenal,15.0,2019-12-05,GK
Mathew Ryan,90.0,27-241,5.0,1.0,4.0,80.0,1.2,11.0,29.0,2.0,51.7,0.0,Brighton & Hove Albion,15.0,2019-12-05,GK
Jordan Pickford,90.0,25-275,4.0,1.0,3.0,75.0,0.8,15.0,22.0,0.0,95.5,0.0,Everton,16.0,2019-12-07,GK
Kepa Arrizabalaga,90.0,25-065,7.0,3.0,4.0,57.1,1.9,2.0,34.0,6.0,26.5,1.0,Chelsea,16.0,2019-12-07,GK
Ben Foster,90.0,36-248,0.0,0.0,0.0,0.0,0.0,9.0,26.0,3.0,88.5,1.0,Watford,16.0,2019-12-07,GK
Vicente Guaita,90.0,32-331,3.0,0.0,3.0,100.0,1.6,4.0,27.0,9.0,48.1,0.0,Crystal Palace,16.0,2019-12-07,GK
Aaron Ramsdale,90.0,21-207,9.0,3.0,6.0,66.7,2.8,6.0,25.0,4.0,64.0,0.0,Bournemouth,16.0,2019-12-07,GK
Alisson,90.0,27-066,0.0,0.0,0.0,0.0,0.0,6.0,22.0,2.0,27.3,2.0,Liverpool,16.0,2019-12-07,GK
Paulo Gazzaniga,90.0,27-339,1.0,0.0,1.0,100.0,0.1,5.0,35.0,1.0,60.0,2.0,Tottenham Hotspur,16.0,2019-12-07,GK
Nick Pope,90.0,27-232,7.0,5.0,2.0,28.6,2.9,10.0,28.0,6.0,67.9,2.0,Burnley,16.0,2019-12-07,GK
Ederson,90.0,26-112,6.0,2.0,5.0,83.3,1.8,2.0,10.0,4.0,20.0,0.0,Manchester City,16.0,2019-12-07,GK
David de Gea,90.0,29-030,5.0,1.0,4.0,80.0,1.5,2.0,19.0,5.0,52.6,0.0,Manchester United,16.0,2019-12-07,GK
Tim Krul,90.0,31-249,3.0,2.0,1.0,33.3,0.4,4.0,50.0,11.0,40.0,0.0,Norwich City,16.0,2019-12-08,GK
Dean Henderson,90.0,22-271,4.0,1.0,3.0,75.0,0.9,6.0,27.0,4.0,77.8,1.0,Sheffield United,16.0,2019-12-08,GK
Tom Heaton,90.0,33-237,8.0,4.0,4.0,50.0,4.5,7.0,23.0,5.0,73.9,3.0,Aston Villa,16.0,2019-12-08,GK
Kasper Schmeichel,90.0,33-033,2.0,1.0,1.0,50.0,1.0,9.0,19.0,1.0,52.6,1.0,Leicester City,16.0,2019-12-08,GK
Martin Dúbravka,90.0,30-327,4.0,1.0,3.0,75.0,1.5,7.0,20.0,3.0,70.0,1.0,Newcastle United,16.0,2019-12-08,GK
Alex McCarthy,90.0,30-005,6.0,2.0,4.0,66.7,1.5,8.0,16.0,2.0,62.5,0.0,Southampton,16.0,2019-12-08,GK
Mathew Ryan,90.0,27-244,5.0,2.0,3.0,60.0,3.6,10.0,38.0,7.0,39.5,2.0,Brighton & Hove Albion,16.0,2019-12-08,GK
Rui Patrício,90.0,31-296,4.0,2.0,2.0,50.0,0.4,7.0,14.0,4.0,57.1,0.0,Wolverhampton Wanderers,16.0,2019-12-08,GK
David Martin,90.0,33-321,3.0,3.0,0.0,0.0,1.8,4.0,10.0,1.0,90.0,0.0,West Ham United,16.0,2019-12-09,GK
Bernd Leno,90.0,27-280,5.0,1.0,4.0,80.0,1.8,2.0,39.0,7.0,15.4,0.0,Arsenal,16.0,2019-12-09,GK
Alisson,90.0,27-073,2.0,0.0,2.0,100.0,0.2,3.0,23.0,7.0,21.7,2.0,Liverpool,17.0,2019-12-14,GK
Ben Foster,90.0,36-255,6.0,2.0,4.0,66.7,1.8,6.0,26.0,2.0,96.2,1.0,Watford,17.0,2019-12-14,GK
Nick Pope,90.0,27-239,0.0,0.0,0.0,0.0,0.0,4.0,18.0,8.0,44.4,1.0,Burnley,17.0,2019-12-14,GK
Martin Dúbravka,90.0,30-333,4.0,1.0,3.0,75.0,1.7,8.0,21.0,2.0,61.9,0.0,Newcastle United,17.0,2019-12-14,GK
Kepa Arrizabalaga,90.0,25-072,2.0,1.0,1.0,50.0,0.8,4.0,31.0,5.0,32.3,2.0,Chelsea,17.0,2019-12-14,GK
Aaron Ramsdale,90.0,21-214,4.0,0.0,4.0,100.0,1.4,2.0,27.0,5.0,63.0,0.0,Bournemouth,17.0,2019-12-14,GK
Dean Henderson,90.0,22-277,0.0,0.0,0.0,0.0,0.0,10.0,26.0,3.0,84.6,0.0,Sheffield United,17.0,2019-12-14,GK
Tom Heaton,90.0,33-243,3.0,2.0,1.0,33.3,1.5,9.0,26.0,5.0,69.2,0.0,Aston Villa,17.0,2019-12-14,GK
Kasper Schmeichel,90.0,33-039,3.0,1.0,2.0,66.7,1.1,6.0,26.0,1.0,46.2,1.0,Leicester City,17.0,2019-12-14,GK
Tim Krul,90.0,31-255,5.0,1.0,4.0,80.0,1.8,13.0,26.0,6.0,65.4,0.0,Norwich City,17.0,2019-12-14,GK
Alex McCarthy,90.0,30-011,4.0,1.0,3.0,75.0,1.7,9.0,29.0,3.0,65.5,0.0,Southampton,17.0,2019-12-14,GK
David Martin,90.0,33-326,2.0,0.0,2.0,100.0,0.5,15.0,20.0,1.0,95.0,0.0,West Ham United,17.0,2019-12-14,GK
Rui Patrício,90.0,31-303,5.0,2.0,3.0,60.0,0.9,9.0,24.0,5.0,75.0,0.0,Wolverhampton Wanderers,17.0,2019-12-15,GK
Paulo Gazzaniga,90.0,27-347,5.0,1.0,4.0,80.0,0.9,8.0,20.0,1.0,75.0,0.0,Tottenham Hotspur,17.0,2019-12-15,GK
David de Gea,90.0,29-038,3.0,1.0,3.0,66.7,0.0,1.0,15.0,3.0,13.3,0.0,Manchester United,17.0,2019-12-15,GK
Jordan Pickford,90.0,25-283,8.0,1.0,7.0,87.5,0.8,10.0,26.0,1.0,92.3,0.0,Everton,17.0,2019-12-15,GK
Bernd Leno,90.0,27-286,7.0,3.0,3.0,57.1,2.6,4.0,19.0,5.0,31.6,1.0,Arsenal,17.0,2019-12-15,GK
Ederson,90.0,26-120,1.0,0.0,1.0,100.0,0.0,1.0,23.0,6.0,13.0,2.0,Manchester City,17.0,2019-12-15,GK
Vicente Guaita,90.0,32-340,10.0,1.0,9.0,90.0,3.5,10.0,26.0,10.0,61.5,1.0,Crystal Palace,17.0,2019-12-16,GK
Mathew Ryan,90.0,27-252,4.0,1.0,3.0,75.0,1.1,9.0,25.0,7.0,32.0,0.0,Brighton & Hove Albion,17.0,2019-12-16,GK
Jordan Pickford,90.0,25-289,2.0,0.0,2.0,100.0,0.9,11.0,24.0,2.0,66.7,0.0,Everton,18.0,2019-12-21,GK
Bernd Leno,90.0,27-292,0.0,0.0,0.0,0.0,0.0,2.0,25.0,4.0,20.0,1.0,Arsenal,18.0,2019-12-21,GK
Martin Dúbravka,90.0,30-340,4.0,0.0,4.0,100.0,0.7,8.0,10.0,3.0,50.0,0.0,Newcastle United,18.0,2019-12-21,GK
Vicente Guaita,90.0,32-345,3.0,1.0,2.0,66.7,0.9,12.0,23.0,8.0,56.5,0.0,Crystal Palace,18.0,2019-12-21,GK
Tom Heaton,90.0,33-250,8.0,3.0,5.0,62.5,3.0,4.0,23.0,13.0,34.8,0.0,Aston Villa,18.0,2019-12-21,GK
Alex McCarthy,90.0,30-018,6.0,1.0,5.0,83.3,1.9,7.0,29.0,1.0,86.2,0.0,Southampton,18.0,2019-12-21,GK
Mathew Ryan,90.0,27-257,2.0,1.0,1.0,50.0,0.5,3.0,38.0,7.0,18.4,0.0,Brighton & Hove Albion,18.0,2019-12-21,GK
Dean Henderson,90.0,22-284,2.0,0.0,2.0,100.0,0.8,6.0,23.0,2.0,91.3,1.0,Sheffield United,18.0,2019-12-21,GK
Tim Krul,90.0,31-262,4.0,2.0,2.0,50.0,1.6,3.0,23.0,3.0,34.8,0.0,Norwich City,18.0,2019-12-21,GK
Rui Patrício,90.0,31-309,6.0,1.0,4.0,83.3,1.8,12.0,18.0,3.0,72.2,0.0,Wolverhampton Wanderers,18.0,2019-12-21,GK
Aaron Ramsdale,90.0,21-221,1.0,1.0,0.0,0.0,0.8,2.0,36.0,13.0,36.1,1.0,Bournemouth,18.0,2019-12-21,GK
Nick Pope,90.0,27-246,0.0,0.0,0.0,0.0,0.0,6.0,25.0,7.0,64.0,0.0,Burnley,18.0,2019-12-21,GK
Ederson,90.0,26-126,2.0,1.0,1.0,50.0,0.9,4.0,32.0,6.0,15.6,0.0,Manchester City,18.0,2019-12-21,GK
Kasper Schmeichel,90.0,33-046,11.0,3.0,9.0,81.8,4.3,2.0,30.0,5.0,30.0,0.0,Leicester City,18.0,2019-12-21,GK
Ben Foster,90.0,36-263,8.0,0.0,8.0,100.0,0.8,6.0,22.0,2.0,90.9,1.0,Watford,18.0,2019-12-22,GK
David de Gea,90.0,29-045,2.0,2.0,1.0,50.0,1.8,1.0,15.0,4.0,6.7,0.0,Manchester United,18.0,2019-12-22,GK
Paulo Gazzaniga,90.0,27-354,2.0,2.0,1.0,50.0,1.4,3.0,24.0,6.0,37.5,1.0,Tottenham Hotspur,18.0,2019-12-22,GK
Kepa Arrizabalaga,90.0,25-080,1.0,0.0,1.0,100.0,0.3,7.0,27.0,6.0,40.7,1.0,Chelsea,18.0,2019-12-22,GK
Paulo Gazzaniga,90.0,27-358,5.0,1.0,4.0,80.0,1.6,5.0,10.0,2.0,50.0,0.0,Tottenham Hotspur,19.0,2019-12-26,GK
Mathew Ryan,90.0,27-262,5.0,2.0,3.0,60.0,2.5,4.0,30.0,6.0,36.7,0.0,Brighton & Hove Albion,19.0,2019-12-26,GK
Kepa Arrizabalaga,90.0,25-084,3.0,2.0,1.0,33.3,1.7,4.0,31.0,5.0,19.4,5.0,Chelsea,19.0,2019-12-26,GK
Alex McCarthy,90.0,30-023,4.0,0.0,4.0,100.0,0.7,6.0,16.0,2.0,81.3,0.0,Southampton,19.0,2019-12-26,GK
Vicente Guaita,90.0,32-350,2.0,1.0,1.0,50.0,0.7,6.0,11.0,4.0,36.4,0.0,Crystal Palace,19.0,2019-12-26,GK
Roberto,90.0,33-319,4.0,2.0,2.0,50.0,1.4,7.0,18.0,2.0,61.1,1.0,West Ham United,19.0,2019-12-26,GK
Tom Heaton,90.0,33-255,5.0,0.0,5.0,100.0,0.8,4.0,19.0,6.0,47.4,0.0,Aston Villa,19.0,2019-12-26,GK
Tim Krul,90.0,31-267,2.0,1.0,1.0,50.0,0.8,7.0,28.0,4.0,42.9,1.0,Norwich City,19.0,2019-12-26,GK
Jordan Pickford,90.0,25-294,0.0,0.0,0.0,0.0,0.0,8.0,38.0,5.0,57.9,0.0,Everton,19.0,2019-12-26,GK
Nick Pope,90.0,27-251,5.0,1.0,4.0,80.0,1.4,11.0,26.0,6.0,76.9,0.0,Burnley,19.0,2019-12-26,GK
Aaron Ramsdale,90.0,21-226,2.0,1.0,1.0,50.0,0.8,5.0,15.0,8.0,26.7,0.0,Bournemouth,19.0,2019-12-26,GK
Bernd Leno,90.0,27-297,6.0,1.0,5.0,83.3,1.5,5.0,20.0,6.0,35.0,0.0,Arsenal,19.0,2019-12-26,GK
Dean Henderson,90.0,22-289,2.0,1.0,1.0,50.0,0.5,5.0,20.0,3.0,75.0,1.0,Sheffield United,19.0,2019-12-26,GK
Ben Foster,90.0,36-267,3.0,1.0,3.0,100.0,2.5,11.0,34.0,3.0,88.2,0.0,Watford,19.0,2019-12-26,GK
David de Gea,90.0,29-049,2.0,1.0,1.0,50.0,0.9,2.0,13.0,1.0,15.4,0.0,Manchester United,19.0,2019-12-26,GK
Martin Dúbravka,90.0,30-345,10.0,4.0,6.0,60.0,3.3,10.0,21.0,2.0,76.2,0.0,Newcastle United,19.0,2019-12-26,GK
Kasper Schmeichel,90.0,33-051,5.0,4.0,2.0,40.0,2.6,10.0,30.0,6.0,46.7,1.0,Leicester City,19.0,2019-12-26,GK
Alisson,90.0,27-085,0.0,0.0,0.0,0.0,0.0,5.0,20.0,3.0,25.0,1.0,Liverpool,19.0,2019-12-26,GK
Rui Patrício,90.0,31-315,2.0,2.0,0.0,0.0,1.8,4.0,5.0,2.0,0.0,1.0,Wolverhampton Wanderers,19.0,2019-12-27,GK
Ederson,11.0,26-132,0.0,0.0,0.0,0.0,0.0,0.0,1.0,0.0,0.0,0.0,Manchester City,19.0,2019-12-27,GK
Claudio Bravo,77.0,36-258,8.0,3.0,5.0,62.5,1.5,2.0,24.0,6.0,41.7,0.0,Manchester City,19.0,2019-12-27,GK
Mathew Ryan,90.0,27-264,2.0,0.0,2.0,100.0,0.4,13.0,23.0,2.0,56.5,0.0,Brighton & Hove Albion,20.0,2019-12-28,GK
Aaron Ramsdale,90.0,21-228,4.0,2.0,2.0,50.0,2.1,1.0,24.0,3.0,45.8,0.0,Bournemouth,20.0,2019-12-28,GK
Martin Dúbravka,90.0,30-347,9.0,2.0,7.0,77.8,3.2,7.0,25.0,5.0,48.0,0.0,Newcastle United,20.0,2019-12-28,GK
Jordan Pickford,90.0,25-296,5.0,1.0,4.0,80.0,1.3,8.0,31.0,9.0,67.7,0.0,Everton,20.0,2019-12-28,GK
Alex McCarthy,90.0,30-025,3.0,1.0,2.0,66.7,1.3,2.0,13.0,4.0,38.5,0.0,Southampton,20.0,2019-12-28,GK
Vicente Guaita,90.0,32-352,5.0,1.0,4.0,80.0,1.3,3.0,22.0,1.0,68.2,1.0,Crystal Palace,20.0,2019-12-28,GK
Ben Foster,90.0,36-269,2.0,0.0,2.0,100.0,0.3,8.0,27.0,1.0,77.8,1.0,Watford,20.0,2019-12-28,GK
Tom Heaton,90.0,33-257,5.0,3.0,3.0,60.0,3.2,4.0,20.0,6.0,40.0,0.0,Aston Villa,20.0,2019-12-28,GK
Łukasz Fabiański,90.0,34-254,6.0,2.0,4.0,66.7,2.2,5.0,22.0,4.0,54.5,0.0,West Ham United,20.0,2019-12-28,GK
Kasper Schmeichel,90.0,33-053,4.0,1.0,3.0,75.0,0.7,7.0,29.0,4.0,37.9,1.0,Leicester City,20.0,2019-12-28,GK
Tim Krul,90.0,31-269,6.0,2.0,5.0,83.3,2.9,8.0,36.0,2.0,58.3,1.0,Norwich City,20.0,2019-12-28,GK
Paulo Gazzaniga,90.0,27-360,2.0,2.0,1.0,0.0,0.3,3.0,21.0,6.0,42.9,0.0,Tottenham Hotspur,20.0,2019-12-28,GK
Nick Pope,90.0,27-253,4.0,2.0,2.0,50.0,1.6,8.0,23.0,4.0,73.9,3.0,Burnley,20.0,2019-12-28,GK
David de Gea,90.0,29-051,1.0,0.0,1.0,100.0,0.1,3.0,27.0,4.0,40.7,1.0,Manchester United,20.0,2019-12-28,GK
Bernd Leno,90.0,27-300,4.0,2.0,2.0,50.0,1.4,1.0,29.0,5.0,41.4,1.0,Arsenal,20.0,2019-12-29,GK
Kepa Arrizabalaga,90.0,25-087,2.0,1.0,1.0,50.0,0.8,4.0,24.0,7.0,29.2,1.0,Chelsea,20.0,2019-12-29,GK
Alisson,90.0,27-088,2.0,0.0,2.0,100.0,0.1,3.0,21.0,5.0,4.8,2.0,Liverpool,20.0,2019-12-29,GK
Rui Patrício,90.0,31-317,3.0,1.0,2.0,66.7,0.9,8.0,10.0,1.0,60.0,0.0,Wolverhampton Wanderers,20.0,2019-12-29,GK
Claudio Bravo,90.0,36-260,0.0,0.0,0.0,0.0,0.0,5.0,26.0,2.0,19.2,0.0,Manchester City,20.0,2019-12-29,GK
Dean Henderson,90.0,22-292,4.0,2.0,2.0,50.0,1.2,10.0,21.0,0.0,95.2,1.0,Sheffield United,20.0,2019-12-29,GK
Nick Pope,90.0,27-257,6.0,2.0,4.0,66.7,1.2,10.0,23.0,3.0,73.9,1.0,Burnley,21.0,2020-01-01,GK
Tom Heaton,84.0,33-261,1.0,1.0,0.0,0.0,0.4,4.0,17.0,2.0,64.7,0.0,Aston Villa,21.0,2020-01-01,GK
Ørjan Nyland,6.0,29-113,0.0,0.0,0.0,0.0,0.0,3.0,3.0,0.0,100.0,0.0,Aston Villa,21.0,2020-01-01,GK
Mathew Ryan,90.0,27-268,4.0,1.0,3.0,75.0,1.1,9.0,36.0,4.0,36.1,0.0,Brighton & Hove Albion,21.0,2020-01-01,GK
Kepa Arrizabalaga,90.0,25-090,5.0,1.0,4.0,80.0,1.4,3.0,22.0,2.0,27.3,1.0,Chelsea,21.0,2020-01-01,GK
Alex McCarthy,90.0,30-029,3.0,0.0,3.0,100.0,0.8,7.0,17.0,1.0,82.4,0.0,Southampton,21.0,2020-01-01,GK
Paulo Gazzaniga,90.0,27-364,3.0,1.0,2.0,66.7,1.0,5.0,23.0,1.0,56.5,1.0,Tottenham Hotspur,21.0,2020-01-01,GK
Ben Foster,90.0,36-273,4.0,1.0,3.0,75.0,2.1,16.0,19.0,1.0,89.5,0.0,Watford,21.0,2020-01-01,GK
Rui Patrício,90.0,31-320,3.0,2.0,1.0,33.3,1.4,6.0,20.0,6.0,35.0,1.0,Wolverhampton Wanderers,21.0,2020-01-01,GK
Martin Dúbravka,90.0,30-351,9.0,3.0,6.0,66.7,3.6,8.0,22.0,2.0,54.5,0.0,Newcastle United,21.0,2020-01-01,GK
Kasper Schmeichel,90.0,33-057,2.0,0.0,2.0,100.0,0.2,2.0,16.0,3.0,18.8,0.0,Leicester City,21.0,2020-01-01,GK
Tim Krul,90.0,31-273,3.0,1.0,2.0,66.7,1.3,12.0,20.0,1.0,80.0,0.0,Norwich City,21.0,2020-01-01,GK
Vicente Guaita,90.0,32-356,4.0,1.0,3.0,75.0,1.3,8.0,19.0,3.0,52.6,0.0,Crystal Palace,21.0,2020-01-01,GK
Claudio Bravo,90.0,36-263,2.0,1.0,1.0,50.0,1.1,2.0,25.0,3.0,12.0,1.0,Manchester City,21.0,2020-01-01,GK
Jordan Pickford,90.0,25-300,7.0,2.0,5.0,71.4,2.6,16.0,46.0,5.0,63.0,2.0,Everton,21.0,2020-01-01,GK
Łukasz Fabiański,90.0,34-258,2.0,0.0,2.0,100.0,0.0,4.0,23.0,3.0,82.6,0.0,West Ham United,21.0,2020-01-01,GK
Aaron Ramsdale,90.0,21-232,6.0,4.0,3.0,50.0,3.3,3.0,26.0,3.0,19.2,0.0,Bournemouth,21.0,2020-01-01,GK
Bernd Leno,90.0,27-303,4.0,0.0,4.0,100.0,0.6,5.0,31.0,7.0,29.0,0.0,Arsenal,21.0,2020-01-01,GK
David de Gea,90.0,29-055,4.0,2.0,2.0,50.0,1.9,0.0,19.0,5.0,5.3,0.0,Manchester United,21.0,2020-01-01,GK
Alisson,90.0,27-092,2.0,0.0,2.0,100.0,1.2,3.0,32.0,7.0,9.4,1.0,Liverpool,21.0,2020-01-02,GK
Dean Henderson,90.0,22-296,7.0,2.0,5.0,71.4,3.0,4.0,13.0,0.0,100.0,1.0,Sheffield United,21.0,2020-01-02,GK
Dean Henderson,90.0,22-304,2.0,0.0,2.0,100.0,0.4,9.0,27.0,3.0,74.1,1.0,Sheffield United,22.0,2020-01-10,GK
Łukasz Fabiański,14.0,34-267,0.0,0.0,0.0,0.0,0.0,3.0,2.0,0.0,100.0,0.0,West Ham United,22.0,2020-01-10,GK
David Martin,76.0,33-353,3.0,1.0,2.0,66.7,1.0,4.0,20.0,3.0,65.0,0.0,West Ham United,22.0,2020-01-10,GK
Vicente Guaita,90.0,33-001,4.0,1.0,2.0,75.0,1.7,7.0,20.0,1.0,75.0,0.0,Crystal Palace,22.0,2020-01-11,GK
Bernd Leno,90.0,27-313,2.0,1.0,1.0,50.0,0.8,6.0,26.0,8.0,26.9,1.0,Arsenal,22.0,2020-01-11,GK
Kasper Schmeichel,90.0,33-067,8.0,2.0,6.0,75.0,2.2,6.0,26.0,4.0,38.5,1.0,Leicester City,22.0,2020-01-11,GK
Alex McCarthy,90.0,30-039,5.0,1.0,4.0,80.0,1.4,3.0,14.0,3.0,71.4,0.0,Southampton,22.0,2020-01-11,GK
Jordan Pickford,90.0,25-310,2.0,0.0,2.0,100.0,1.4,8.0,30.0,5.0,53.3,2.0,Everton,22.0,2020-01-11,GK
Mathew Ryan,90.0,27-278,6.0,1.0,5.0,83.3,2.4,7.0,27.0,9.0,44.4,1.0,Brighton & Hove Albion,22.0,2020-01-11,GK
Kepa Arrizabalaga,90.0,25-100,1.0,0.0,1.0,100.0,0.1,1.0,28.0,3.0,17.9,1.0,Chelsea,22.0,2020-01-11,GK
Nick Pope,90.0,27-267,7.0,3.0,5.0,71.4,3.1,8.0,24.0,3.0,79.2,1.0,Burnley,22.0,2020-01-11,GK
Rui Patrício,90.0,31-330,1.0,1.0,0.0,0.0,0.8,4.0,15.0,3.0,26.7,1.0,Wolverhampton Wanderers,22.0,2020-01-11,GK
Martin Dúbravka,90.0,30-361,3.0,1.0,2.0,66.7,1.4,7.0,16.0,0.0,87.5,0.0,Newcastle United,22.0,2020-01-11,GK
David de Gea,90.0,29-065,3.0,0.0,3.0,100.0,0.4,1.0,14.0,4.0,14.3,1.0,Manchester United,22.0,2020-01-11,GK
Tim Krul,90.0,31-283,5.0,4.0,2.0,40.0,3.1,3.0,29.0,3.0,62.1,0.0,Norwich City,22.0,2020-01-11,GK
Paulo Gazzaniga,90.0,28-009,6.0,1.0,5.0,83.3,2.3,3.0,27.0,9.0,40.7,1.0,Tottenham Hotspur,22.0,2020-01-11,GK
Alisson,90.0,27-101,4.0,0.0,4.0,100.0,0.5,7.0,25.0,5.0,44.0,2.0,Liverpool,22.0,2020-01-11,GK
Mark Travers,90.0,20-239,5.0,3.0,2.0,40.0,2.6,7.0,24.0,5.0,33.3,0.0,Bournemouth,22.0,2020-01-12,GK
Ben Foster,90.0,36-284,1.0,0.0,1.0,100.0,0.2,8.0,21.0,2.0,81.0,1.0,Watford,22.0,2020-01-12,GK
Ørjan Nyland,90.0,29-124,10.0,6.0,4.0,40.0,3.2,7.0,17.0,5.0,52.9,0.0,Aston Villa,22.0,2020-01-12,GK
Ederson,90.0,26-148,0.0,1.0,0.0,0.0,1.0,4.0,18.0,4.0,16.7,0.0,Manchester City,22.0,2020-01-12,GK
Ben Foster,90.0,36-290,4.0,0.0,4.0,100.0,0.4,16.0,26.0,0.0,96.2,2.0,Watford,23.0,2020-01-18,GK
Paulo Gazzaniga,90.0,28-016,1.0,0.0,1.0,100.0,0.6,3.0,9.0,1.0,44.4,0.0,Tottenham Hotspur,23.0,2020-01-18,GK
Ederson,90.0,26-154,3.0,2.0,2.0,33.3,0.9,1.0,15.0,5.0,13.3,1.0,Manchester City,23.0,2020-01-18,GK
Vicente Guaita,90.0,33-008,6.0,2.0,4.0,66.7,2.0,11.0,26.0,1.0,80.8,0.0,Crystal Palace,23.0,2020-01-18,GK
Tim Krul,90.0,31-290,3.0,0.0,3.0,100.0,0.7,6.0,37.0,2.0,54.1,0.0,Norwich City,23.0,2020-01-18,GK
Aaron Ramsdale,90.0,21-249,3.0,1.0,3.0,100.0,1.5,7.0,20.0,5.0,50.0,1.0,Bournemouth,23.0,2020-01-18,GK
Bernd Leno,90.0,27-320,3.0,1.0,2.0,66.7,1.4,0.0,29.0,6.0,24.1,0.0,Arsenal,23.0,2020-01-18,GK
Dean Henderson,90.0,22-312,4.0,1.0,3.0,75.0,1.1,11.0,17.0,1.0,88.2,1.0,Sheffield United,23.0,2020-01-18,GK
Alex McCarthy,90.0,30-046,3.0,3.0,1.0,33.3,3.0,10.0,17.0,2.0,70.6,2.0,Southampton,23.0,2020-01-18,GK
Rui Patrício,90.0,31-337,5.0,2.0,3.0,60.0,2.0,11.0,25.0,3.0,72.0,0.0,Wolverhampton Wanderers,23.0,2020-01-18,GK
Darren Randolph,90.0,32-251,2.0,1.0,1.0,50.0,1.1,12.0,17.0,3.0,82.4,1.0,West Ham United,23.0,2020-01-18,GK
Jordan Pickford,90.0,25-317,5.0,1.0,4.0,80.0,1.9,5.0,28.0,5.0,53.6,0.0,Everton,23.0,2020-01-18,GK
Mathew Ryan,90.0,27-285,3.0,1.0,2.0,66.7,1.2,11.0,30.0,6.0,50.0,0.0,Brighton & Hove Albion,23.0,2020-01-18,GK
Pepe Reina,90.0,37-140,2.0,1.0,1.0,50.0,1.2,13.0,20.0,2.0,65.0,1.0,Aston Villa,23.0,2020-01-18,GK
Martin Dúbravka,90.0,31-003,4.0,0.0,4.0,100.0,0.7,11.0,21.0,1.0,85.7,0.0,Newcastle United,23.0,2020-01-18,GK
Kepa Arrizabalaga,90.0,25-107,2.0,1.0,1.0,50.0,0.8,2.0,10.0,2.0,20.0,0.0,Chelsea,23.0,2020-01-18,GK
Nick Pope,90.0,27-275,7.0,1.0,6.0,85.7,1.8,10.0,29.0,9.0,65.5,0.0,Burnley,23.0,2020-01-19,GK
Kasper Schmeichel,90.0,33-075,5.0,2.0,3.0,60.0,2.0,7.0,30.0,3.0,43.3,3.0,Leicester City,23.0,2020-01-19,GK
Alisson,90.0,27-109,3.0,0.0,3.0,100.0,0.1,7.0,42.0,4.0,42.9,1.0,Liverpool,23.0,2020-01-19,GK
David de Gea,90.0,29-073,5.0,2.0,2.0,60.0,0.7,5.0,16.0,4.0,62.5,1.0,Manchester United,23.0,2020-01-19,GK
Vicente Guaita,90.0,33-011,6.0,2.0,4.0,66.7,2.1,7.0,25.0,9.0,56.0,0.0,Crystal Palace,24.0,2020-01-21,GK
Alex McCarthy,90.0,30-049,0.0,0.0,0.0,0.0,0.0,2.0,18.0,4.0,61.1,0.0,Southampton,24.0,2020-01-21,GK
Pepe Reina,90.0,37-143,3.0,1.0,2.0,66.7,1.4,7.0,29.0,5.0,37.9,1.0,Aston Villa,24.0,2020-01-21,GK
Ben Foster,90.0,36-293,5.0,2.0,3.0,60.0,1.5,8.0,21.0,1.0,95.2,0.0,Watford,24.0,2020-01-21,GK
Jordan Pickford,90.0,25-320,2.0,2.0,0.0,0.0,1.4,7.0,28.0,4.0,50.0,0.0,Everton,24.0,2020-01-21,GK
Martin Dúbravka,90.0,31-006,7.0,2.0,5.0,71.4,1.8,8.0,18.0,4.0,66.7,0.0,Newcastle United,24.0,2020-01-21,GK
Aaron Ramsdale,90.0,21-252,7.0,1.0,6.0,85.7,2.2,11.0,25.0,3.0,64.0,1.0,Bournemouth,24.0,2020-01-21,GK
Mathew Ryan,90.0,27-288,3.0,3.0,1.0,0.0,1.6,5.0,31.0,3.0,16.1,1.0,Brighton & Hove Albion,24.0,2020-01-21,GK
Dean Henderson,90.0,22-315,4.0,1.0,3.0,75.0,2.3,9.0,20.0,0.0,95.0,0.0,Sheffield United,24.0,2020-01-21,GK
Ederson,90.0,26-157,1.0,0.0,1.0,100.0,0.1,4.0,29.0,5.0,34.5,1.0,Manchester City,24.0,2020-01-21,GK
Kepa Arrizabalaga,90.0,25-110,2.0,2.0,0.0,0.0,1.0,1.0,15.0,1.0,26.7,1.0,Chelsea,24.0,2020-01-21,GK
Bernd Leno,90.0,27-323,7.0,2.0,6.0,85.7,3.2,4.0,21.0,4.0,47.6,1.0,Arsenal,24.0,2020-01-21,GK
Hugo Lloris,90.0,33-027,1.0,1.0,1.0,100.0,1.4,11.0,22.0,4.0,45.5,0.0,Tottenham Hotspur,24.0,2020-01-22,GK
Tim Krul,90.0,31-294,3.0,2.0,1.0,33.3,2.0,11.0,41.0,7.0,29.3,1.0,Norwich City,24.0,2020-01-22,GK
Kasper Schmeichel,90.0,33-078,1.0,1.0,1.0,100.0,1.5,3.0,22.0,4.0,18.2,0.0,Leicester City,24.0,2020-01-22,GK
Darren Randolph,90.0,32-255,7.0,4.0,4.0,57.1,3.4,6.0,9.0,0.0,88.9,1.0,West Ham United,24.0,2020-01-22,GK
David de Gea,90.0,29-076,2.0,2.0,0.0,0.0,0.7,2.0,31.0,7.0,16.1,0.0,Manchester United,24.0,2020-01-22,GK
Nick Pope,90.0,27-278,7.0,0.0,7.0,100.0,1.6,8.0,26.0,7.0,76.9,1.0,Burnley,24.0,2020-01-22,GK
Rui Patrício,90.0,31-342,6.0,2.0,4.0,66.7,2.7,11.0,17.0,4.0,58.8,1.0,Wolverhampton Wanderers,24.0,2020-01-23,GK
Alisson,90.0,27-113,3.0,1.0,2.0,66.7,1.0,8.0,30.0,6.0,20.0,1.0,Liverpool,24.0,2020-01-23,GK
Łukasz Fabiański,90.0,34-286,4.0,2.0,3.0,75.0,1.8,9.0,20.0,6.0,65.0,1.0,West Ham United,18.0,2020-01-29,GK
Alisson,90.0,27-119,4.0,0.0,4.0,100.0,0.6,4.0,23.0,6.0,26.1,1.0,Liverpool,18.0,2020-01-29,GK
Kasper Schmeichel,90.0,33-088,3.0,2.0,1.0,33.3,0.8,4.0,38.0,2.0,23.7,0.0,Leicester City,25.0,2020-02-01,GK
Willy Caballero,90.0,38-126,4.0,2.0,2.0,50.0,1.1,5.0,24.0,3.0,29.2,0.0,Chelsea,25.0,2020-02-01,GK
Łukasz Fabiański,90.0,34-289,6.0,3.0,4.0,50.0,2.6,15.0,13.0,1.0,84.6,0.0,West Ham United,25.0,2020-02-01,GK
Mathew Ryan,90.0,27-299,6.0,3.0,3.0,50.0,1.2,4.0,34.0,9.0,32.4,0.0,Brighton & Hove Albion,25.0,2020-02-01,GK
Martin Dúbravka,90.0,31-017,4.0,0.0,4.0,100.0,1.4,10.0,16.0,3.0,68.8,1.0,Newcastle United,25.0,2020-02-01,GK
Tim Krul,90.0,31-304,5.0,0.0,5.0,100.0,0.3,3.0,24.0,6.0,45.8,0.0,Norwich City,25.0,2020-02-01,GK
Vicente Guaita,90.0,33-022,3.0,1.0,3.0,66.7,0.2,7.0,28.0,7.0,39.3,3.0,Crystal Palace,25.0,2020-02-01,GK
Dean Henderson,90.0,22-326,3.0,0.0,3.0,100.0,1.0,5.0,16.0,2.0,81.3,2.0,Sheffield United,25.0,2020-02-01,GK
Ben Foster,90.0,36-304,5.0,3.0,2.0,40.0,2.4,12.0,25.0,3.0,88.0,1.0,Watford,25.0,2020-02-01,GK
Jordan Pickford,90.0,25-331,2.0,2.0,0.0,0.0,0.8,8.0,29.0,3.0,65.5,2.0,Everton,25.0,2020-02-01,GK
Aaron Ramsdale,90.0,21-263,5.0,1.0,4.0,80.0,0.4,10.0,22.0,3.0,81.8,0.0,Bournemouth,25.0,2020-02-01,GK
Pepe Reina,90.0,37-154,6.0,2.0,4.0,66.7,1.7,6.0,24.0,4.0,50.0,0.0,Aston Villa,25.0,2020-02-01,GK
Alisson,90.0,27-122,4.0,0.0,4.0,100.0,0.9,6.0,33.0,5.0,18.2,1.0,Liverpool,25.0,2020-02-01,GK
Alex McCarthy,90.0,30-060,9.0,4.0,5.0,55.6,4.5,6.0,23.0,4.0,78.3,0.0,Southampton,25.0,2020-02-01,GK
David de Gea,90.0,29-086,3.0,0.0,3.0,100.0,0.3,3.0,11.0,2.0,18.2,1.0,Manchester United,25.0,2020-02-01,GK
Rui Patrício,90.0,31-351,5.0,0.0,5.0,100.0,0.9,8.0,13.0,3.0,84.6,0.0,Wolverhampton Wanderers,25.0,2020-02-01,GK
Nick Pope,90.0,27-289,2.0,0.0,2.0,100.0,0.4,7.0,17.0,2.0,82.4,1.0,Burnley,25.0,2020-02-02,GK
Bernd Leno,90.0,27-335,2.0,0.0,2.0,100.0,0.4,4.0,28.0,4.0,28.6,1.0,Arsenal,25.0,2020-02-02,GK
Hugo Lloris,90.0,33-038,3.0,0.0,2.0,100.0,1.2,5.0,22.0,4.0,68.2,0.0,Tottenham Hotspur,25.0,2020-02-02,GK
Ederson,90.0,26-169,3.0,2.0,1.0,33.3,1.3,2.0,17.0,5.0,23.5,1.0,Manchester City,25.0,2020-02-02,GK
Jordan Pickford,90.0,25-338,2.0,1.0,1.0,50.0,0.6,7.0,21.0,6.0,61.9,2.0,Everton,26.0,2020-02-08,GK
Vicente Guaita,90.0,33-029,7.0,3.0,4.0,57.1,3.2,5.0,28.0,6.0,35.7,0.0,Crystal Palace,26.0,2020-02-08,GK
Mathew Ryan,90.0,27-306,3.0,1.0,2.0,66.7,0.3,8.0,46.0,9.0,26.1,1.0,Brighton & Hove Albion,26.0,2020-02-08,GK
Ben Foster,90.0,36-311,1.0,1.0,1.0,0.0,0.2,6.0,27.0,6.0,70.4,1.0,Watford,26.0,2020-02-08,GK
Dean Henderson,90.0,22-334,2.0,1.0,1.0,50.0,1.0,12.0,22.0,2.0,81.8,1.0,Sheffield United,26.0,2020-02-09,GK
Aaron Ramsdale,90.0,21-271,5.0,2.0,3.0,60.0,1.7,4.0,17.0,3.0,58.8,0.0,Bournemouth,26.0,2020-02-09,GK
Rui Patrício,90.0,31-364,3.0,0.0,3.0,100.0,0.7,7.0,18.0,3.0,61.1,0.0,Wolverhampton Wanderers,26.0,2020-02-14,GK
Kasper Schmeichel,90.0,33-101,3.0,0.0,3.0,100.0,0.1,3.0,18.0,3.0,33.3,0.0,Leicester City,26.0,2020-02-14,GK
Alex McCarthy,90.0,30-074,6.0,2.0,4.0,66.7,0.4,7.0,30.0,2.0,60.0,2.0,Southampton,26.0,2020-02-15,GK
Nick Pope,90.0,27-302,2.0,1.0,1.0,50.0,0.6,9.0,25.0,3.0,88.0,0.0,Burnley,26.0,2020-02-15,GK
Tim Krul,90.0,31-318,6.0,1.0,5.0,83.3,1.4,12.0,32.0,4.0,68.8,1.0,Norwich City,26.0,2020-02-15,GK
Alisson,90.0,27-136,1.0,0.0,1.0,100.0,0.1,5.0,19.0,3.0,21.1,2.0,Liverpool,26.0,2020-02-15,GK
Pepe Reina,90.0,37-169,9.0,3.0,6.0,66.7,2.6,5.0,29.0,6.0,34.5,0.0,Aston Villa,26.0,2020-02-16,GK
Hugo Lloris,90.0,33-052,4.0,2.0,3.0,50.0,1.1,6.0,16.0,3.0,56.3,0.0,Tottenham Hotspur,26.0,2020-02-16,GK
Bernd Leno,90.0,27-349,2.0,0.0,2.0,100.0,0.3,1.0,20.0,5.0,15.0,0.0,Arsenal,26.0,2020-02-16,GK
Martin Dúbravka,90.0,31-032,6.0,4.0,2.0,33.3,2.9,14.0,20.0,1.0,80.0,0.0,Newcastle United,26.0,2020-02-16,GK
Willy Caballero,90.0,38-142,3.0,2.0,1.0,33.3,1.5,6.0,26.0,1.0,46.2,0.0,Chelsea,26.0,2020-02-17,GK
David de Gea,90.0,29-102,0.0,0.0,0.0,0.0,0.0,5.0,15.0,1.0,73.3,0.0,Manchester United,26.0,2020-02-17,GK
Ederson,90.0,26-186,0.0,0.0,0.0,0.0,0.0,2.0,16.0,1.0,6.3,0.0,Manchester City,26.0,2020-02-19,GK
Łukasz Fabiański,90.0,34-307,6.0,2.0,4.0,66.7,1.2,12.0,21.0,7.0,81.0,0.0,West Ham United,26.0,2020-02-19,GK
Willy Caballero,90.0,38-147,3.0,1.0,3.0,66.7,0.3,5.0,29.0,4.0,69.0,2.0,Chelsea,27.0,2020-02-22,GK
Hugo Lloris,90.0,33-058,7.0,2.0,5.0,71.4,2.1,5.0,28.0,5.0,25.0,1.0,Tottenham Hotspur,27.0,2020-02-22,GK
Alex McCarthy,90.0,30-081,1.0,0.0,1.0,100.0,0.4,9.0,24.0,3.0,83.3,0.0,Southampton,27.0,2020-02-22,GK
Pepe Reina,90.0,37-175,8.0,2.0,6.0,75.0,2.5,7.0,36.0,9.0,50.0,3.0,Aston Villa,27.0,2020-02-22,GK
Vicente Guaita,90.0,33-043,2.0,0.0,2.0,100.0,0.2,7.0,18.0,3.0,55.6,0.0,Crystal Palace,27.0,2020-02-22,GK
Martin Dúbravka,90.0,31-038,9.0,1.0,7.0,88.9,1.2,6.0,29.0,8.0,48.3,1.0,Newcastle United,27.0,2020-02-22,GK
Nick Pope,90.0,27-309,4.0,0.0,4.0,100.0,1.3,5.0,20.0,4.0,75.0,1.0,Burnley,27.0,2020-02-22,GK
Aaron Ramsdale,90.0,21-284,9.0,3.0,7.0,77.8,2.9,4.0,26.0,10.0,42.3,0.0,Bournemouth,27.0,2020-02-22,GK
Dean Henderson,90.0,22-347,2.0,1.0,1.0,50.0,1.0,3.0,15.0,6.0,40.0,0.0,Sheffield United,27.0,2020-02-22,GK
Mathew Ryan,90.0,27-320,3.0,1.0,2.0,66.7,1.4,9.0,24.0,7.0,45.8,1.0,Brighton & Hove Albion,27.0,2020-02-22,GK
Kasper Schmeichel,90.0,33-109,6.0,1.0,5.0,83.3,2.9,7.0,27.0,8.0,55.6,1.0,Leicester City,27.0,2020-02-22,GK
Ederson,90.0,26-189,3.0,0.0,3.0,100.0,0.7,5.0,30.0,3.0,33.3,0.0,Manchester City,27.0,2020-02-22,GK
David de Gea,90.0,29-108,2.0,0.0,2.0,100.0,0.1,3.0,26.0,5.0,38.5,0.0,Manchester United,27.0,2020-02-23,GK
Ben Foster,90.0,36-326,7.0,3.0,5.0,71.4,2.0,19.0,34.0,2.0,82.4,2.0,Watford,27.0,2020-02-23,GK
Rui Patrício,90.0,32-008,3.0,0.0,3.0,100.0,0.5,7.0,14.0,4.0,71.4,0.0,Wolverhampton Wanderers,27.0,2020-02-23,GK
Tim Krul,90.0,31-326,6.0,3.0,2.0,50.0,3.3,1.0,28.0,4.0,7.1,0.0,Norwich City,27.0,2020-02-23,GK
Bernd Leno,90.0,27-356,5.0,2.0,3.0,60.0,1.9,5.0,17.0,3.0,11.8,2.0,Arsenal,27.0,2020-02-23,GK
Jordan Pickford,90.0,25-353,4.0,3.0,1.0,25.0,2.5,3.0,30.0,5.0,33.3,0.0,Everton,27.0,2020-02-23,GK
Alisson,90.0,27-145,4.0,2.0,2.0,50.0,1.9,3.0,19.0,7.0,26.3,1.0,Liverpool,27.0,2020-02-24,GK
Łukasz Fabiański,90.0,34-312,7.0,3.0,4.0,57.1,2.5,12.0,14.0,2.0,71.4,0.0,West Ham United,27.0,2020-02-24,GK
Tim Krul,90.0,31-331,4.0,0.0,4.0,100.0,0.6,5.0,24.0,7.0,29.2,0.0,Norwich City,28.0,2020-02-28,GK
Kasper Schmeichel,90.0,33-115,6.0,1.0,5.0,83.3,0.8,4.0,24.0,5.0,41.7,2.0,Leicester City,28.0,2020-02-28,GK
Mathew Ryan,90.0,27-327,3.0,1.0,2.0,66.7,1.3,3.0,21.0,6.0,33.3,0.0,Brighton & Hove Albion,28.0,2020-02-29,GK
Vicente Guaita,90.0,33-050,8.0,0.0,8.0,100.0,0.4,6.0,18.0,4.0,61.1,0.0,Crystal Palace,28.0,2020-02-29,GK
Aaron Ramsdale,90.0,21-291,6.0,2.0,4.0,66.7,1.4,9.0,16.0,2.0,68.8,0.0,Bournemouth,28.0,2020-02-29,GK
Willy Caballero,90.0,38-154,5.0,2.0,3.0,60.0,3.0,7.0,24.0,2.0,33.3,0.0,Chelsea,28.0,2020-02-29,GK
Łukasz Fabiański,90.0,34-317,2.0,1.0,1.0,50.0,1.4,3.0,12.0,2.0,75.0,0.0,West Ham United,28.0,2020-02-29,GK
Alex McCarthy,90.0,30-088,7.0,3.0,4.0,57.1,2.8,8.0,20.0,4.0,50.0,0.0,Southampton,28.0,2020-02-29,GK
Martin Dúbravka,90.0,31-045,1.0,0.0,1.0,100.0,0.1,6.0,31.0,3.0,64.5,0.0,Newcastle United,28.0,2020-02-29,GK
Nick Pope,90.0,27-316,4.0,0.0,4.0,100.0,0.6,9.0,25.0,5.0,84.0,1.0,Burnley,28.0,2020-02-29,GK
Ben Foster,90.0,36-332,1.0,0.0,1.0,100.0,0.0,9.0,21.0,1.0,90.5,0.0,Watford,28.0,2020-02-29,GK
Alisson,90.0,27-150,5.0,3.0,2.0,40.0,2.0,2.0,30.0,2.0,16.7,1.0,Liverpool,28.0,2020-02-29,GK
Paulo Gazzaniga,90.0,28-059,4.0,3.0,1.0,25.0,2.5,6.0,13.0,2.0,46.2,0.0,Tottenham Hotspur,28.0,2020-03-01,GK
Rui Patrício,90.0,32-015,4.0,2.0,2.0,50.0,2.0,10.0,13.0,2.0,84.6,0.0,Wolverhampton Wanderers,28.0,2020-03-01,GK
Jordan Pickford,90.0,25-360,5.0,1.0,4.0,80.0,0.8,12.0,23.0,3.0,69.6,0.0,Everton,28.0,2020-03-01,GK
David de Gea,90.0,29-115,5.0,1.0,4.0,80.0,2.1,2.0,14.0,3.0,50.0,0.0,Manchester United,28.0,2020-03-01,GK
Adrián,90.0,33-064,3.0,1.0,1.0,66.7,1.1,6.0,15.0,2.0,40.0,2.0,Liverpool,29.0,2020-03-07,GK
Aaron Ramsdale,90.0,21-298,6.0,2.0,4.0,66.7,2.1,6.0,16.0,1.0,93.8,1.0,Bournemouth,29.0,2020-03-07,GK
Alex McCarthy,90.0,30-095,6.0,1.0,5.0,83.3,2.6,8.0,16.0,1.0,81.3,1.0,Southampton,29.0,2020-03-07,GK
Martin Dúbravka,90.0,31-052,3.0,0.0,3.0,100.0,0.1,5.0,15.0,1.0,60.0,0.0,Newcastle United,29.0,2020-03-07,GK
Bernd Leno,90.0,28-003,6.0,0.0,5.0,100.0,1.2,5.0,24.0,6.0,29.2,1.0,Arsenal,29.0,2020-03-07,GK
Łukasz Fabiański,90.0,34-324,2.0,1.0,1.0,50.0,1.0,13.0,22.0,3.0,72.7,1.0,West Ham United,29.0,2020-03-07,GK
Dean Henderson,90.0,22-361,3.0,0.0,3.0,100.0,1.2,9.0,19.0,2.0,78.9,0.0,Sheffield United,29.0,2020-03-07,GK
Tim Krul,90.0,31-339,3.0,1.0,2.0,66.7,0.5,10.0,57.0,8.0,38.6,1.0,Norwich City,29.0,2020-03-07,GK
Rui Patrício,90.0,32-021,1.0,0.0,1.0,100.0,0.0,7.0,14.0,2.0,71.4,0.0,Wolverhampton Wanderers,29.0,2020-03-07,GK
Mathew Ryan,90.0,27-334,1.0,0.0,1.0,100.0,0.2,11.0,26.0,5.0,34.6,2.0,Brighton & Hove Albion,29.0,2020-03-07,GK
Vicente Guaita,90.0,33-057,3.0,0.0,3.0,100.0,0.2,3.0,30.0,6.0,66.7,1.0,Crystal Palace,29.0,2020-03-07,GK
Ben Foster,90.0,36-339,2.0,1.0,1.0,50.0,0.3,8.0,23.0,3.0,60.9,3.0,Watford,29.0,2020-03-07,GK
Nick Pope,90.0,27-323,1.0,1.0,1.0,100.0,0.8,3.0,21.0,4.0,57.1,0.0,Burnley,29.0,2020-03-07,GK
Hugo Lloris,90.0,33-072,7.0,1.0,6.0,85.7,1.4,5.0,23.0,7.0,56.5,0.0,Tottenham Hotspur,29.0,2020-03-07,GK
Kepa Arrizabalaga,90.0,25-157,2.0,0.0,2.0,100.0,0.0,11.0,33.0,3.0,39.4,0.0,Chelsea,29.0,2020-03-08,GK
Jordan Pickford,90.0,26-001,11.0,4.0,7.0,63.6,3.4,5.0,29.0,10.0,34.5,0.0,Everton,29.0,2020-03-08,GK
David de Gea,90.0,29-122,4.0,0.0,4.0,100.0,0.8,7.0,16.0,2.0,56.3,0.0,Manchester United,29.0,2020-03-08,GK
Ederson,90.0,26-204,6.0,2.0,4.0,66.7,1.8,5.0,39.0,3.0,28.2,3.0,Manchester City,29.0,2020-03-08,GK
Kasper Schmeichel,90.0,33-125,1.0,0.0,1.0,100.0,0.1,13.0,32.0,3.0,50.0,0.0,Leicester City,29.0,2020-03-09,GK
Pepe Reina,90.0,37-191,6.0,4.0,3.0,50.0,2.4,7.0,18.0,3.0,50.0,2.0,Aston Villa,29.0,2020-03-09,GK
Ørjan Nyland,90.0,29-281,1.0,0.0,1.0,100.0,0.3,5.0,29.0,7.0,44.8,0.0,Aston Villa,28.0,2020-06-17,GK
Dean Henderson,90.0,23-097,6.0,0.0,6.0,100.0,1.0,10.0,28.0,4.0,67.9,0.0,Sheffield United,28.0,2020-06-17,GK
Ederson,90.0,26-305,0.0,0.0,0.0,0.0,0.0,7.0,40.0,4.0,22.5,2.0,Manchester City,28.0,2020-06-17,GK
Bernd Leno,90.0,28-105,11.0,3.0,8.0,81.8,3.7,1.0,42.0,4.0,31.0,0.0,Arsenal,28.0,2020-06-17,GK
Tim Krul,90.0,32-077,8.0,3.0,5.0,62.5,2.6,8.0,42.0,7.0,38.1,0.0,Norwich City,30.0,2020-06-19,GK
Alex McCarthy,90.0,30-199,1.0,0.0,1.0,100.0,0.0,6.0,18.0,0.0,72.2,4.0,Southampton,30.0,2020-06-19,GK
Hugo Lloris,90.0,33-176,5.0,1.0,5.0,100.0,1.7,8.0,21.0,1.0,95.2,0.0,Tottenham Hotspur,30.0,2020-06-19,GK
David de Gea,90.0,29-225,3.0,1.0,2.0,66.7,0.4,0.0,12.0,2.0,16.7,1.0,Manchester United,30.0,2020-06-19,GK
Ben Foster,90.0,37-078,2.0,1.0,1.0,50.0,0.8,12.0,17.0,1.0,94.1,3.0,Watford,30.0,2020-06-20,GK
Kasper Schmeichel,90.0,33-228,4.0,1.0,3.0,75.0,1.2,2.0,20.0,6.0,25.0,0.0,Leicester City,30.0,2020-06-20,GK
Mathew Ryan,90.0,28-073,6.0,1.0,5.0,83.3,0.6,2.0,27.0,4.0,37.0,0.0,Brighton & Hove Albion,30.0,2020-06-20,GK
Bernd Leno,39.0,28-108,0.0,0.0,0.0,0.0,0.0,0.0,10.0,2.0,0.0,1.0,Arsenal,30.0,2020-06-20,GK
Emiliano Martínez,51.0,27-292,5.0,2.0,3.0,60.0,1.2,1.0,21.0,4.0,14.3,0.0,Arsenal,30.0,2020-06-20,GK
Łukasz Fabiański,90.0,35-063,6.0,2.0,4.0,66.7,0.8,5.0,19.0,8.0,36.8,0.0,West Ham United,30.0,2020-06-20,GK
Rui Patrício,90.0,32-126,2.0,0.0,2.0,100.0,0.3,5.0,15.0,5.0,40.0,0.0,Wolverhampton Wanderers,30.0,2020-06-20,GK
Aaron Ramsdale,90.0,22-037,2.0,2.0,0.0,0.0,1.6,6.0,14.0,2.0,57.1,0.0,Bournemouth,30.0,2020-06-20,GK
Vicente Guaita,90.0,33-162,1.0,0.0,1.0,100.0,0.2,10.0,16.0,0.0,75.0,0.0,Crystal Palace,30.0,2020-06-20,GK
Martin Dúbravka,90.0,31-158,1.0,0.0,1.0,100.0,0.0,3.0,19.0,3.0,42.1,0.0,Newcastle United,30.0,2020-06-21,GK
Dean Henderson,90.0,23-101,8.0,3.0,5.0,62.5,1.7,7.0,27.0,6.0,48.1,0.0,Sheffield United,30.0,2020-06-21,GK
Ørjan Nyland,90.0,29-285,5.0,2.0,3.0,60.0,1.5,6.0,17.0,2.0,64.7,0.0,Aston Villa,30.0,2020-06-21,GK
Kepa Arrizabalaga,90.0,25-262,4.0,1.0,3.0,75.0,1.1,3.0,26.0,4.0,30.8,1.0,Chelsea,30.0,2020-06-21,GK
Jordan Pickford,90.0,26-106,3.0,0.0,3.0,100.0,0.1,4.0,23.0,3.0,73.9,1.0,Everton,30.0,2020-06-21,GK
Alisson,90.0,27-263,3.0,0.0,3.0,100.0,0.4,3.0,26.0,2.0,15.4,1.0,Liverpool,30.0,2020-06-21,GK
Ederson,90.0,26-310,0.0,0.0,0.0,0.0,0.0,4.0,40.0,5.0,15.0,1.0,Manchester City,30.0,2020-06-22,GK
Nick Pope,90.0,28-064,6.0,5.0,2.0,33.3,2.5,5.0,23.0,2.0,82.6,1.0,Burnley,30.0,2020-06-22,GK
Kasper Schmeichel,90.0,33-231,1.0,0.0,1.0,100.0,1.0,4.0,15.0,3.0,40.0,0.0,Leicester City,31.0,2020-06-23,GK
Mathew Ryan,90.0,28-076,2.0,0.0,2.0,100.0,0.2,10.0,23.0,2.0,60.9,0.0,Brighton & Hove Albion,31.0,2020-06-23,GK
Hugo Lloris,90.0,33-180,2.0,0.0,2.0,100.0,0.8,7.0,18.0,5.0,44.4,0.0,Tottenham Hotspur,31.0,2020-06-23,GK
Łukasz Fabiański,90.0,35-066,4.0,2.0,3.0,50.0,0.8,11.0,23.0,1.0,69.6,0.0,West Ham United,31.0,2020-06-23,GK
Martin Dúbravka,90.0,31-161,2.0,1.0,1.0,50.0,0.3,10.0,31.0,9.0,58.1,0.0,Newcastle United,31.0,2020-06-24,GK
Ørjan Nyland,90.0,29-288,3.0,1.0,2.0,66.7,0.4,4.0,22.0,4.0,40.9,3.0,Aston Villa,31.0,2020-06-24,GK
Tim Krul,90.0,32-082,5.0,1.0,4.0,80.0,1.5,5.0,39.0,3.0,48.7,2.0,Norwich City,31.0,2020-06-24,GK
Jordan Pickford,90.0,26-109,1.0,0.0,1.0,100.0,0.1,7.0,39.0,6.0,41.0,0.0,Everton,31.0,2020-06-24,GK
Rui Patrício,90.0,32-130,0.0,0.0,0.0,0.0,0.0,3.0,17.0,5.0,41.2,1.0,Wolverhampton Wanderers,31.0,2020-06-24,GK
Aaron Ramsdale,90.0,22-041,2.0,1.0,1.0,50.0,0.5,7.0,26.0,5.0,50.0,1.0,Bournemouth,31.0,2020-06-24,GK
David de Gea,90.0,29-230,1.0,0.0,1.0,100.0,0.0,3.0,12.0,2.0,25.0,0.0,Manchester United,31.0,2020-06-24,GK
Simon Moore,90.0,30-036,7.0,3.0,4.0,57.1,2.2,7.0,20.0,2.0,70.0,0.0,Sheffield United,31.0,2020-06-24,GK
Alisson,90.0,27-266,0.0,0.0,0.0,0.0,0.0,3.0,19.0,4.0,15.8,0.0,Liverpool,31.0,2020-06-24,GK
Wayne Hennessey,90.0,33-152,7.0,4.0,3.0,42.9,3.6,9.0,21.0,2.0,85.7,1.0,Crystal Palace,31.0,2020-06-24,GK
Alex McCarthy,90.0,30-205,5.0,2.0,3.0,60.0,1.8,9.0,32.0,3.0,62.5,1.0,Southampton,31.0,2020-06-25,GK
Emiliano Martínez,90.0,27-297,3.0,0.0,3.0,100.0,0.1,11.0,30.0,6.0,53.3,0.0,Arsenal,31.0,2020-06-25,GK
Nick Pope,90.0,28-067,3.0,0.0,3.0,100.0,0.9,4.0,28.0,9.0,57.1,2.0,Burnley,31.0,2020-06-25,GK
Ben Foster,90.0,37-083,4.0,1.0,3.0,75.0,0.8,5.0,26.0,2.0,80.8,2.0,Watford,31.0,2020-06-25,GK
Kepa Arrizabalaga,90.0,25-266,2.0,1.0,1.0,50.0,0.6,4.0,31.0,9.0,32.3,0.0,Chelsea,31.0,2020-06-25,GK
Ederson,90.0,26-313,6.0,2.0,5.0,83.3,3.0,3.0,31.0,4.0,22.6,0.0,Manchester City,31.0,2020-06-25,GK
Ørjan Nyland,90.0,29-291,2.0,1.0,1.0,50.0,0.8,6.0,20.0,5.0,55.0,0.0,Aston Villa,32.0,2020-06-27,GK
Rui Patrício,90.0,32-133,1.0,0.0,1.0,100.0,0.0,15.0,15.0,2.0,60.0,0.0,Wolverhampton Wanderers,32.0,2020-06-27,GK
Ben Foster,90.0,37-086,7.0,3.0,4.0,57.1,1.3,10.0,38.0,7.0,65.8,1.0,Watford,32.0,2020-06-28,GK
Alex McCarthy,90.0,30-208,0.0,1.0,0.0,0.0,0.0,7.0,17.0,1.0,76.5,0.0,Southampton,32.0,2020-06-28,GK
Vicente Guaita,90.0,33-171,4.0,1.0,3.0,75.0,0.6,2.0,21.0,7.0,47.6,0.0,Crystal Palace,32.0,2020-06-29,GK
Nick Pope,90.0,28-071,4.0,0.0,4.0,100.0,0.6,3.0,12.0,0.0,66.7,0.0,Burnley,32.0,2020-06-29,GK
Mathew Ryan,90.0,28-083,6.0,3.0,3.0,50.0,1.7,8.0,31.0,3.0,38.7,1.0,Brighton & Hove Albion,32.0,2020-06-30,GK
David de Gea,90.0,29-236,2.0,0.0,2.0,100.0,0.8,2.0,14.0,4.0,28.6,0.0,Manchester United,32.0,2020-06-30,GK
Emiliano Martínez,90.0,27-303,3.0,0.0,3.0,100.0,0.5,4.0,17.0,1.0,35.3,0.0,Arsenal,32.0,2020-07-01,GK
Tim Krul,90.0,32-089,8.0,4.0,4.0,50.0,2.2,10.0,44.0,5.0,45.5,0.0,Norwich City,32.0,2020-07-01,GK
Aaron Ramsdale,90.0,22-048,7.0,4.0,3.0,42.9,3.2,2.0,31.0,11.0,25.8,0.0,Bournemouth,32.0,2020-07-01,GK
Martin Dúbravka,90.0,31-168,1.0,1.0,0.0,0.0,0.8,10.0,26.0,0.0,84.6,1.0,Newcastle United,32.0,2020-07-01,GK
Jordan Pickford,90.0,26-116,3.0,1.0,2.0,66.7,1.3,15.0,33.0,3.0,63.6,1.0,Everton,32.0,2020-07-01,GK
Kasper Schmeichel,90.0,33-239,2.0,2.0,1.0,50.0,1.9,7.0,26.0,6.0,23.1,2.0,Leicester City,32.0,2020-07-01,GK
Łukasz Fabiański,90.0,35-074,5.0,2.0,4.0,80.0,1.9,9.0,16.0,1.0,87.5,0.0,West Ham United,32.0,2020-07-01,GK
Kepa Arrizabalaga,90.0,25-272,4.0,3.0,1.0,25.0,2.8,0.0,26.0,4.0,3.8,0.0,Chelsea,32.0,2020-07-01,GK
Dean Henderson,90.0,23-112,2.0,1.0,1.0,50.0,1.1,15.0,27.0,1.0,96.3,0.0,Sheffield United,32.0,2020-07-02,GK
Hugo Lloris,90.0,33-189,5.0,3.0,2.0,40.0,2.0,3.0,18.0,3.0,33.3,0.0,Tottenham Hotspur,32.0,2020-07-02,GK
Ederson,90.0,26-320,3.0,0.0,3.0,100.0,1.0,7.0,46.0,7.0,30.4,3.0,Manchester City,32.0,2020-07-02,GK
Alisson,90.0,27-274,4.0,4.0,2.0,25.0,2.0,4.0,26.0,4.0,23.1,1.0,Liverpool,32.0,2020-07-02,GK
Tim Krul,90.0,32-092,2.0,1.0,1.0,50.0,0.9,2.0,32.0,2.0,21.9,1.0,Norwich City,33.0,2020-07-04,GK
Mathew Ryan,90.0,28-087,1.0,0.0,1.0,100.0,0.1,10.0,47.0,6.0,29.8,1.0,Brighton & Hove Albion,33.0,2020-07-04,GK
David de Gea,90.0,29-240,2.0,2.0,1.0,50.0,1.3,1.0,17.0,3.0,11.8,0.0,Manchester United,33.0,2020-07-04,GK
Aaron Ramsdale,90.0,22-051,9.0,5.0,5.0,55.6,5.5,5.0,19.0,6.0,68.4,0.0,Bournemouth,33.0,2020-07-04,GK
Kasper Schmeichel,90.0,33-242,1.0,0.0,1.0,100.0,0.1,12.0,15.0,1.0,60.0,0.0,Leicester City,33.0,2020-07-04,GK
Vicente Guaita,90.0,33-176,3.0,3.0,0.0,0.0,2.7,9.0,19.0,5.0,63.2,0.0,Crystal Palace,33.0,2020-07-04,GK
Rui Patrício,90.0,32-140,4.0,2.0,1.0,50.0,2.2,9.0,19.0,3.0,73.7,0.0,Wolverhampton Wanderers,33.0,2020-07-04,GK
Emiliano Martínez,90.0,27-306,1.0,0.0,1.0,100.0,0.1,3.0,28.0,4.0,39.3,0.0,Arsenal,33.0,2020-07-04,GK
Kepa Arrizabalaga,90.0,25-275,3.0,0.0,3.0,100.0,0.6,3.0,23.0,4.0,21.7,0.0,Chelsea,33.0,2020-07-04,GK
Ben Foster,90.0,37-092,8.0,3.0,6.0,75.0,3.2,13.0,24.0,6.0,62.5,0.0,Watford,33.0,2020-07-04,GK
Nick Pope,90.0,28-077,3.0,1.0,2.0,66.7,1.3,10.0,32.0,9.0,62.5,0.0,Burnley,33.0,2020-07-05,GK
Dean Henderson,90.0,23-115,5.0,1.0,4.0,80.0,1.2,6.0,22.0,5.0,59.1,1.0,Sheffield United,33.0,2020-07-05,GK
Martin Dúbravka,90.0,31-172,7.0,2.0,5.0,71.4,2.5,6.0,20.0,9.0,35.0,0.0,Newcastle United,33.0,2020-07-05,GK
Łukasz Fabiański,90.0,35-078,4.0,2.0,2.0,50.0,1.7,5.0,24.0,5.0,50.0,0.0,West Ham United,33.0,2020-07-05,GK
Alisson,90.0,27-277,3.0,0.0,3.0,100.0,0.3,5.0,29.0,5.0,20.7,3.0,Liverpool,33.0,2020-07-05,GK
Pepe Reina,90.0,37-309,4.0,2.0,2.0,50.0,2.0,5.0,27.0,3.0,74.1,1.0,Aston Villa,33.0,2020-07-05,GK
Alex McCarthy,90.0,30-215,6.0,0.0,6.0,100.0,2.1,15.0,32.0,2.0,71.9,0.0,Southampton,33.0,2020-07-05,GK
Ederson,90.0,26-323,4.0,1.0,3.0,75.0,0.3,5.0,43.0,4.0,14.0,2.0,Manchester City,33.0,2020-07-05,GK
Hugo Lloris,90.0,33-193,3.0,0.0,3.0,100.0,0.2,6.0,16.0,4.0,62.5,1.0,Tottenham Hotspur,33.0,2020-07-06,GK
Jordan Pickford,90.0,26-121,2.0,1.0,2.0,50.0,0.1,1.0,16.0,3.0,31.3,1.0,Everton,33.0,2020-07-06,GK
Ben Foster,90.0,37-095,3.0,1.0,2.0,66.7,0.7,7.0,23.0,2.0,65.2,1.0,Watford,34.0,2020-07-07,GK
Tim Krul,90.0,32-095,4.0,2.0,2.0,50.0,2.0,5.0,35.0,5.0,22.9,0.0,Norwich City,34.0,2020-07-07,GK
Vicente Guaita,90.0,33-179,6.0,3.0,3.0,50.0,2.8,7.0,26.0,5.0,46.2,1.0,Crystal Palace,34.0,2020-07-07,GK
Kepa Arrizabalaga,90.0,25-278,4.0,2.0,1.0,50.0,1.2,7.0,24.0,6.0,33.3,0.0,Chelsea,34.0,2020-07-07,GK
Emiliano Martínez,90.0,27-309,5.0,1.0,4.0,80.0,2.0,2.0,23.0,5.0,60.9,2.0,Arsenal,34.0,2020-07-07,GK
Kasper Schmeichel,90.0,33-245,7.0,1.0,6.0,85.7,1.5,10.0,33.0,3.0,39.4,2.0,Leicester City,34.0,2020-07-07,GK
Dean Henderson,90.0,23-118,1.0,0.0,1.0,100.0,0.0,7.0,16.0,2.0,81.3,0.0,Sheffield United,34.0,2020-07-08,GK
Rui Patrício,90.0,32-144,3.0,1.0,2.0,66.7,1.4,6.0,15.0,4.0,53.3,0.0,Wolverhampton Wanderers,34.0,2020-07-08,GK
Łukasz Fabiański,90.0,35-081,4.0,1.0,3.0,75.0,2.4,12.0,21.0,4.0,71.4,0.0,West Ham United,34.0,2020-07-08,GK
Nick Pope,90.0,28-080,3.0,0.0,3.0,100.0,0.4,7.0,21.0,3.0,81.0,1.0,Burnley,34.0,2020-07-08,GK
Ederson,90.0,26-326,1.0,0.0,1.0,100.0,0.1,3.0,30.0,1.0,13.3,1.0,Manchester City,34.0,2020-07-08,GK
Martin Dúbravka,90.0,31-175,10.0,5.0,6.0,50.0,4.7,5.0,25.0,4.0,56.0,0.0,Newcastle United,34.0,2020-07-08,GK
Mathew Ryan,90.0,28-091,8.0,3.0,5.0,62.5,3.0,8.0,35.0,8.0,40.0,0.0,Brighton & Hove Albion,34.0,2020-07-08,GK
Alisson,90.0,27-280,2.0,1.0,1.0,50.0,1.1,2.0,21.0,3.0,19.0,3.0,Liverpool,34.0,2020-07-08,GK
Jordan Pickford,90.0,26-124,4.0,1.0,3.0,75.0,1.1,11.0,29.0,2.0,55.2,0.0,Everton,34.0,2020-07-09,GK
Alex McCarthy,90.0,30-219,3.0,1.0,2.0,66.7,1.5,6.0,32.0,3.0,56.3,1.0,Southampton,34.0,2020-07-09,GK
Aaron Ramsdale,90.0,22-056,0.0,0.0,0.0,0.0,0.0,4.0,19.0,2.0,73.7,0.0,Bournemouth,34.0,2020-07-09,GK
Hugo Lloris,90.0,33-196,2.0,0.0,2.0,100.0,0.6,6.0,20.0,3.0,50.0,0.0,Tottenham Hotspur,34.0,2020-07-09,GK
Pepe Reina,90.0,37-313,5.0,3.0,3.0,60.0,2.6,9.0,17.0,5.0,58.8,0.0,Aston Villa,34.0,2020-07-09,GK
David de Gea,90.0,29-245,1.0,0.0,1.0,100.0,0.0,6.0,19.0,3.0,31.6,0.0,Manchester United,34.0,2020-07-09,GK
Tim Krul,90.0,32-099,7.0,4.0,3.0,42.9,2.5,8.0,45.0,2.0,17.8,0.0,Norwich City,35.0,2020-07-11,GK
Łukasz Fabiański,90.0,35-084,2.0,0.0,2.0,100.0,0.5,9.0,21.0,5.0,42.9,0.0,West Ham United,35.0,2020-07-11,GK
Ben Foster,90.0,37-099,4.0,1.0,3.0,75.0,1.5,7.0,19.0,2.0,68.4,1.0,Watford,35.0,2020-07-11,GK
Martin Dúbravka,90.0,31-178,3.0,2.0,2.0,100.0,2.6,9.0,20.0,2.0,70.0,0.0,Newcastle United,35.0,2020-07-11,GK
Alisson,90.0,27-283,2.0,1.0,1.0,50.0,0.8,4.0,28.0,7.0,14.3,4.0,Liverpool,35.0,2020-07-11,GK
Nick Pope,90.0,28-083,9.0,1.0,8.0,88.9,2.4,9.0,24.0,3.0,91.7,0.0,Burnley,35.0,2020-07-11,GK
Dean Henderson,90.0,23-121,4.0,0.0,4.0,100.0,0.4,7.0,20.0,0.0,100.0,0.0,Sheffield United,35.0,2020-07-11,GK
Kepa Arrizabalaga,90.0,25-282,4.0,3.0,1.0,25.0,1.9,3.0,29.0,5.0,6.9,1.0,Chelsea,35.0,2020-07-11,GK
Mathew Ryan,90.0,28-094,8.0,5.0,3.0,37.5,4.1,6.0,26.0,8.0,19.2,1.0,Brighton & Hove Albion,35.0,2020-07-11,GK
Ederson,90.0,26-329,0.0,0.0,0.0,0.0,0.0,7.0,42.0,5.0,26.2,0.0,Manchester City,35.0,2020-07-11,GK
Rui Patrício,90.0,32-148,2.0,0.0,2.0,100.0,0.2,10.0,16.0,4.0,50.0,0.0,Wolverhampton Wanderers,35.0,2020-07-12,GK
Jordan Pickford,90.0,26-127,7.0,3.0,5.0,71.4,2.1,4.0,19.0,6.0,26.3,0.0,Everton,35.0,2020-07-12,GK
Pepe Reina,90.0,37-316,5.0,0.0,5.0,100.0,1.3,10.0,26.0,2.0,69.2,0.0,Aston Villa,35.0,2020-07-12,GK
Vicente Guaita,90.0,33-184,9.0,2.0,7.0,77.8,1.8,8.0,29.0,14.0,37.9,0.0,Crystal Palace,35.0,2020-07-12,GK
Hugo Lloris,90.0,33-199,4.0,1.0,3.0,75.0,1.3,10.0,21.0,1.0,90.5,0.0,Tottenham Hotspur,35.0,2020-07-12,GK
Emiliano Martínez,90.0,27-314,9.0,2.0,6.0,77.8,3.8,1.0,32.0,7.0,9.4,1.0,Arsenal,35.0,2020-07-12,GK
Aaron Ramsdale,90.0,22-059,5.0,1.0,4.0,80.0,1.1,6.0,30.0,6.0,60.0,0.0,Bournemouth,35.0,2020-07-12,GK
Kasper Schmeichel,90.0,33-250,3.0,4.0,1.0,0.0,2.6,8.0,26.0,1.0,53.8,1.0,Leicester City,35.0,2020-07-12,GK
David de Gea,90.0,29-249,5.0,2.0,3.0,60.0,2.3,5.0,23.0,4.0,34.8,0.0,Manchester United,35.0,2020-07-13,GK
Alex McCarthy,90.0,30-223,4.0,2.0,2.0,50.0,1.3,11.0,30.0,1.0,56.7,1.0,Southampton,35.0,2020-07-13,GK
Kepa Arrizabalaga,90.0,25-285,0.0,0.0,0.0,0.0,0.0,3.0,27.0,3.0,18.5,0.0,Chelsea,36.0,2020-07-14,GK
Tim Krul,90.0,32-102,6.0,1.0,4.0,83.3,1.5,10.0,36.0,5.0,52.8,3.0,Norwich City,36.0,2020-07-14,GK
Nick Pope,90.0,28-087,5.0,1.0,4.0,80.0,1.2,9.0,23.0,6.0,56.5,0.0,Burnley,36.0,2020-07-15,GK
Rui Patrício,90.0,32-151,0.0,1.0,0.0,0.0,1.0,7.0,19.0,3.0,73.7,0.0,Wolverhampton Wanderers,36.0,2020-07-15,GK
Martin Dúbravka,90.0,31-182,5.0,3.0,2.0,40.0,2.4,1.0,13.0,3.0,23.1,1.0,Newcastle United,36.0,2020-07-15,GK
Hugo Lloris,90.0,33-202,5.0,1.0,4.0,80.0,0.7,9.0,17.0,3.0,58.8,0.0,Tottenham Hotspur,36.0,2020-07-15,GK
Ederson,90.0,26-333,3.0,1.0,1.0,66.7,1.2,3.0,34.0,11.0,35.3,1.0,Manchester City,36.0,2020-07-15,GK
Aaron Ramsdale,90.0,22-062,3.0,2.0,1.0,33.3,1.5,10.0,22.0,1.0,90.9,1.0,Bournemouth,36.0,2020-07-15,GK
Emiliano Martínez,90.0,27-317,8.0,1.0,7.0,87.5,2.3,9.0,33.0,7.0,57.6,0.0,Arsenal,36.0,2020-07-15,GK
Alisson,90.0,27-287,2.0,2.0,0.0,0.0,1.6,5.0,24.0,8.0,20.8,1.0,Liverpool,36.0,2020-07-15,GK
Kasper Schmeichel,90.0,33-254,0.0,0.0,0.0,0.0,0.0,6.0,31.0,2.0,61.3,1.0,Leicester City,36.0,2020-07-16,GK
Dean Henderson,90.0,23-126,7.0,2.0,5.0,71.4,2.9,7.0,21.0,2.0,81.0,2.0,Sheffield United,36.0,2020-07-16,GK
Jordan Pickford,90.0,26-131,1.0,1.0,0.0,0.0,0.6,8.0,28.0,6.0,50.0,0.0,Everton,36.0,2020-07-16,GK
Pepe Reina,90.0,37-320,1.0,1.0,0.0,0.0,0.6,18.0,26.0,5.0,38.5,0.0,Aston Villa,36.0,2020-07-16,GK
Alex McCarthy,90.0,30-226,2.0,1.0,1.0,50.0,0.8,6.0,28.0,4.0,42.9,0.0,Southampton,36.0,2020-07-16,GK
Mathew Ryan,90.0,28-099,4.0,1.0,2.0,75.0,1.8,12.0,27.0,2.0,77.8,0.0,Brighton & Hove Albion,36.0,2020-07-16,GK
Vicente Guaita,90.0,33-188,5.0,2.0,3.0,60.0,1.8,2.0,18.0,3.0,66.7,1.0,Crystal Palace,36.0,2020-07-16,GK
David de Gea,90.0,29-252,5.0,0.0,5.0,100.0,1.1,4.0,21.0,3.0,28.6,0.0,Manchester United,36.0,2020-07-16,GK
Łukasz Fabiański,90.0,35-090,3.0,1.0,2.0,66.7,1.0,12.0,14.0,1.0,100.0,0.0,West Ham United,36.0,2020-07-17,GK
Ben Foster,90.0,37-105,4.0,3.0,1.0,25.0,1.2,5.0,18.0,6.0,66.7,4.0,Watford,36.0,2020-07-17,GK
Tim Krul,90.0,32-106,8.0,2.0,7.0,75.0,2.6,18.0,48.0,8.0,60.4,0.0,Norwich City,37.0,2020-07-18,GK
Nick Pope,90.0,28-090,2.0,0.0,2.0,100.0,0.5,6.0,20.0,6.0,50.0,0.0,Burnley,37.0,2020-07-18,GK
Aaron Ramsdale,90.0,22-066,7.0,2.0,5.0,71.4,2.2,8.0,26.0,2.0,73.1,1.0,Bournemouth,37.0,2020-07-19,GK
Alex McCarthy,90.0,30-229,3.0,0.0,3.0,100.0,1.5,10.0,33.0,6.0,63.6,0.0,Southampton,37.0,2020-07-19,GK
Hugo Lloris,90.0,33-206,6.0,0.0,6.0,100.0,1.3,7.0,18.0,4.0,66.7,0.0,Tottenham Hotspur,37.0,2020-07-19,GK
Kasper Schmeichel,90.0,33-257,3.0,3.0,1.0,0.0,1.5,3.0,20.0,6.0,30.0,0.0,Leicester City,37.0,2020-07-19,GK
Dean Henderson,90.0,23-130,2.0,1.0,1.0,50.0,0.2,5.0,19.0,1.0,84.2,1.0,Sheffield United,37.0,2020-07-20,GK
Jordan Pickford,90.0,26-135,0.0,0.0,0.0,0.0,0.0,9.0,46.0,8.0,37.0,0.0,Everton,37.0,2020-07-20,GK
Mathew Ryan,90.0,28-103,1.0,0.0,1.0,100.0,0.3,6.0,30.0,7.0,23.3,2.0,Brighton & Hove Albion,37.0,2020-07-20,GK
Martin Dúbravka,90.0,31-187,3.0,0.0,3.0,100.0,0.8,9.0,15.0,4.0,53.3,0.0,Newcastle United,37.0,2020-07-20,GK
Rui Patrício,90.0,32-156,3.0,0.0,3.0,100.0,0.1,12.0,17.0,3.0,88.2,0.0,Wolverhampton Wanderers,37.0,2020-07-20,GK
Vicente Guaita,90.0,33-192,5.0,2.0,3.0,60.0,1.9,4.0,15.0,5.0,26.7,1.0,Crystal Palace,37.0,2020-07-20,GK
Ben Foster,90.0,37-109,9.0,4.0,5.0,55.6,4.3,10.0,21.0,1.0,100.0,1.0,Watford,37.0,2020-07-21,GK
Ederson,90.0,26-339,0.0,0.0,0.0,0.0,0.0,1.0,14.0,2.0,7.1,1.0,Manchester City,37.0,2020-07-21,GK
Pepe Reina,90.0,37-325,0.0,0.0,0.0,0.0,0.0,16.0,30.0,1.0,73.3,0.0,Aston Villa,37.0,2020-07-21,GK
Emiliano Martínez,90.0,27-323,3.0,1.0,2.0,66.7,0.5,2.0,21.0,5.0,0.0,0.0,Arsenal,37.0,2020-07-21,GK
David de Gea,90.0,29-258,2.0,1.0,2.0,100.0,1.9,2.0,14.0,3.0,28.6,1.0,Manchester United,37.0,2020-07-22,GK
Łukasz Fabiański,90.0,35-095,4.0,1.0,3.0,75.0,0.8,9.0,21.0,2.0,66.7,0.0,West Ham United,37.0,2020-07-22,GK
Alisson,90.0,27-294,5.0,3.0,2.0,40.0,2.8,8.0,35.0,4.0,42.9,0.0,Liverpool,37.0,2020-07-22,GK
Kepa Arrizabalaga,90.0,25-293,7.0,5.0,2.0,28.6,2.4,11.0,33.0,6.0,57.6,1.0,Chelsea,37.0,2020-07-22,GK
Nick Pope,90.0,28-098,4.0,2.0,2.0,50.0,0.7,6.0,19.0,7.0,47.4,0.0,Burnley,38.0,2020-07-26,GK
Mathew Ryan,90.0,28-109,1.0,1.0,0.0,0.0,0.8,18.0,24.0,4.0,66.7,0.0,Brighton & Hove Albion,38.0,2020-07-26,GK
Łukasz Fabiański,90.0,35-099,4.0,1.0,3.0,75.0,0.2,8.0,24.0,7.0,62.5,1.0,West Ham United,38.0,2020-07-26,GK
Pepe Reina,90.0,37-330,1.0,1.0,0.0,0.0,0.2,10.0,20.0,2.0,55.0,0.0,Aston Villa,38.0,2020-07-26,GK
Emiliano Martínez,90.0,27-328,5.0,2.0,4.0,80.0,2.3,5.0,27.0,7.0,29.6,0.0,Arsenal,38.0,2020-07-26,GK
Ben Foster,90.0,37-114,4.0,3.0,2.0,50.0,2.8,7.0,16.0,4.0,68.8,1.0,Watford,38.0,2020-07-26,GK
Vicente Guaita,90.0,33-198,2.0,1.0,1.0,50.0,0.4,5.0,18.0,4.0,66.7,0.0,Crystal Palace,38.0,2020-07-26,GK
Hugo Lloris,90.0,33-213,2.0,1.0,1.0,50.0,1.2,9.0,14.0,2.0,35.7,0.0,Tottenham Hotspur,38.0,2020-07-26,GK
Jordan Pickford,90.0,26-141,6.0,3.0,4.0,66.7,2.4,3.0,31.0,9.0,16.1,0.0,Everton,38.0,2020-07-26,GK
Aaron Ramsdale,90.0,22-073,5.0,1.0,4.0,80.0,1.4,6.0,18.0,1.0,83.3,0.0,Bournemouth,38.0,2020-07-26,GK
Willy Caballero,90.0,38-302,1.0,0.0,1.0,100.0,0.0,9.0,34.0,5.0,44.1,0.0,Chelsea,38.0,2020-07-26,GK
Rui Patrício,90.0,32-162,3.0,2.0,1.0,33.3,1.1,8.0,14.0,1.0,78.6,0.0,Wolverhampton Wanderers,38.0,2020-07-26,GK
Martin Dúbravka,90.0,31-193,6.0,3.0,3.0,50.0,2.4,8.0,23.0,3.0,87.0,1.0,Newcastle United,38.0,2020-07-26,GK
Alisson,90.0,27-298,2.0,1.0,1.0,50.0,0.5,3.0,22.0,4.0,9.1,1.0,Liverpool,38.0,2020-07-26,GK
Kasper Schmeichel,90.0,33-264,2.0,2.0,1.0,50.0,1.5,10.0,28.0,2.0,60.7,1.0,Leicester City,38.0,2020-07-26,GK
David de Gea,90.0,29-262,3.0,0.0,3.0,100.0,1.6,3.0,14.0,3.0,35.7,0.0,Manchester United,38.0,2020-07-26,GK
Ederson,90.0,26-344,4.0,0.0,4.0,100.0,0.5,1.0,25.0,4.0,8.0,2.0,Manchester City,38.0,2020-07-26,GK
Tim Krul,90.0,32-114,9.0,5.0,4.0,44.4,3.7,13.0,27.0,5.0,59.3,0.0,Norwich City,38.0,2020-07-26,GK
Alex McCarthy,90.0,30-236,3.0,1.0,2.0,66.7,1.3,3.0,32.0,3.0,21.9,0.0,Southampton,38.0,2020-07-26,GK
Dean Henderson,90.0,23-136,3.0,3.0,1.0,33.3,1.5,9.0,23.0,4.0,82.6,0.0,Sheffield United,38.0,2020-07-26,GK
